,30-11-2019,,,,BT01,003064,,,,,001,ITEMS,1,9.32,11,9.32,1.68,11,,,,,,,NIU
,30-11-2019,,,,BT01,003065,,,,,001,ITEMS,1,0.85,1,0.85,0.15,1,,,,,,,NIU
,30-11-2019,,,,BT01,003066,,,,,001,ITEMS,1,1.02,1.2,1.02,0.18,1.2,,,,,,,NIU
,30-11-2019,,,,BT01,003067,,,,,001,ITEMS,1,1.27,1.5,1.27,0.23,1.5,,,,,,,NIU
,30-11-2019,,,,BT01,003068,,,,,001,ITEMS,1,23.64,27.9,23.64,4.26,27.9,,,,,,,NIU
,30-11-2019,,,,BT01,003069,,,,,001,ITEMS,1,6.78,8,6.78,1.22,8,,,,,,,NIU
,30-11-2019,,,,BT01,003070,,,,,001,ITEMS,1,10.93,12.9,10.93,1.97,12.9,,,,,,,NIU
,30-11-2019,,,,BT01,003071,,,,,001,ITEMS,1,20.00,23.6,20.00,3.60,23.6,,,,,,,NIU
,30-11-2019,,,,BT01,003072,,,,,001,ITEMS,1,0.85,1,0.85,0.15,1,,,,,,,NIU
,30-11-2019,,,,BT01,003073,,,,,001,ITEMS,1,0.85,1,0.85,0.15,1,,,,,,,NIU
,30-11-2019,,,,BT01,003074,,,,,001,ITEMS,1,2.29,2.7,2.29,0.41,2.7,,,,,,,NIU
,30-11-2019,,,,BT01,003075,,,,,001,ITEMS,1,10.93,12.9,10.93,1.97,12.9,,,,,,,NIU
,30-11-2019,,,,BT01,003076,,,,,001,ITEMS,1,21.36,25.2,21.36,3.84,25.2,,,,,,,NIU
,30-11-2019,,,,BT01,003077,,,,,001,ITEMS,1,12.88,15.2,12.88,2.32,15.2,,,,,,,NIU
,30-11-2019,,,,BT01,003078,,,,,001,ITEMS,1,5.85,6.9,5.85,1.05,6.9,,,,,,,NIU
,30-11-2019,,,,BT01,003079,,,,,001,ITEMS,1,11.69,13.8,11.69,2.11,13.8,,,,,,,NIU
,30-11-2019,,,,BT01,003080,,,,,001,ITEMS,1,19.49,23,19.49,3.51,23,,,,,,,NIU
,30-11-2019,,,,BT01,003081,,,,,001,ITEMS,1,10.17,12,10.17,1.83,12,,,,,,,NIU
,30-11-2019,,,,BT01,003082,,,,,001,ITEMS,1,5.93,7,5.93,1.07,7,,,,,,,NIU
,30-11-2019,,,,BT01,003083,,,,,001,ITEMS,1,2.29,2.7,2.29,0.41,2.7,,,,,,,NIU
,30-11-2019,,,,BT01,003084,,,,,001,ITEMS,1,2.12,2.5,2.12,0.38,2.5,,,,,,,NIU
,30-11-2019,,,,BT01,003085,,,,,001,ITEMS,1,86.10,101.6,86.10,15.50,101.6,,,,,,,NIU
,30-11-2019,,,,BT01,003086,,,,,001,ITEMS,1,42.63,50.3,42.63,7.67,50.3,,,,,,,NIU
,30-11-2019,,,,BT01,003087,,,,,001,ITEMS,1,8.90,10.5,8.90,1.60,10.5,,,,,,,NIU
,30-11-2019,,,,BT01,003088,,,,,001,ITEMS,1,0.85,1,0.85,0.15,1,,,,,,,NIU
,30-11-2019,,,,BT01,003089,,,,,001,ITEMS,1,11.61,13.7,11.61,2.09,13.7,,,,,,,NIU
,30-11-2019,,,,BT01,003090,,,,,001,ITEMS,1,0.68,0.8,0.68,0.12,0.8,,,,,,,NIU
,30-11-2019,,,,BT01,003091,,,,,001,ITEMS,1,2.20,2.6,2.20,0.40,2.6,,,,,,,NIU
,30-11-2019,,,,BT01,003092,,,,,001,ITEMS,1,2.54,3,2.54,0.46,3,,,,,,,NIU
,30-11-2019,,,,BT01,003093,,,,,001,ITEMS,1,5.51,6.5,5.51,0.99,6.5,,,,,,,NIU
,30-11-2019,,,,BT01,003094,,,,,001,ITEMS,1,3.22,3.8,3.22,0.58,3.8,,,,,,,NIU
,30-11-2019,,,,BT01,003095,,,,,001,ITEMS,1,10.93,12.9,10.93,1.97,12.9,,,,,,,NIU
,30-11-2019,,,,BT01,003096,,,,,001,ITEMS,1,3.39,4,3.39,0.61,4,,,,,,,NIU
,30-11-2019,,,,BT01,003097,,,,,001,ITEMS,1,18.47,21.8,18.47,3.33,21.8,,,,,,,NIU
,30-11-2019,,,,BT01,003098,,,,,001,ITEMS,1,2.29,2.7,2.29,0.41,2.7,,,,,,,NIU
,30-11-2019,,,,BT01,003099,,,,,001,ITEMS,1,10.25,12.1,10.25,1.85,12.1,,,,,,,NIU
,30-11-2019,,,,BT01,003100,,,,,001,ITEMS,1,8.22,9.7,8.22,1.48,9.7,,,,,,,NIU
,30-11-2019,,,,BT01,003101,,,,,001,ITEMS,1,20.68,24.4,20.68,3.72,24.4,,,,,,,NIU
,30-11-2019,,,,BT01,003102,,,,,001,ITEMS,1,12.29,14.5,12.29,2.21,14.5,,,,,,,NIU
,30-11-2019,,,,BT01,003103,,,,,001,ITEMS,1,1.27,1.5,1.27,0.23,1.5,,,,,,,NIU
,30-11-2019,,,,BT01,003104,,,,,001,ITEMS,1,4.24,5,4.24,0.76,5,,,,,,,NIU
,30-11-2019,,,,BT01,003105,,,,,001,ITEMS,1,18.14,21.4,18.14,3.26,21.4,,,,,,,NIU
,30-11-2019,,,,BT01,003106,,,,,001,ITEMS,1,6.95,8.2,6.95,1.25,8.2,,,,,,,NIU
,30-11-2019,,,,BT01,003107,,,,,001,ITEMS,1,12.20,14.4,12.20,2.20,14.4,,,,,,,NIU
,30-11-2019,,,,BT01,003108,,,,,001,ITEMS,1,3.22,3.8,3.22,0.58,3.8,,,,,,,NIU
,30-11-2019,,,,BT01,003109,,,,,001,ITEMS,1,24.32,28.7,24.32,4.38,28.7,,,,,,,NIU
,30-11-2019,,,,BT01,003110,,,,,001,ITEMS,1,3.56,4.2,3.56,0.64,4.2,,,,,,,NIU
,30-11-2019,,,,BT01,003111,,,,,001,ITEMS,1,2.12,2.5,2.12,0.38,2.5,,,,,,,NIU
,30-11-2019,,,,BT01,003112,,,,,001,ITEMS,1,10.93,12.9,10.93,1.97,12.9,,,,,,,NIU
,30-11-2019,,,,BT01,003113,,,,,001,ITEMS,1,3.56,4.2,3.56,0.64,4.2,,,,,,,NIU
,30-11-2019,,,,BT01,003114,,,,,001,ITEMS,1,2.12,2.5,2.12,0.38,2.5,,,,,,,NIU
,30-11-2019,,,,BT01,003115,,,,,001,ITEMS,1,4.58,5.4,4.58,0.82,5.4,,,,,,,NIU
,30-11-2019,,,,BT01,003116,,,,,001,ITEMS,1,0.85,1,0.85,0.15,1,,,,,,,NIU
,30-11-2019,,,,BT01,003117,,,,,001,ITEMS,1,0.85,1,0.85,0.15,1,,,,,,,NIU
,30-11-2019,,,,BT01,003118,,,,,001,ITEMS,1,17.63,20.8,17.63,3.17,20.8,,,,,,,NIU
,30-11-2019,,,,BT01,003119,,,,,001,ITEMS,1,8.64,10.2,8.64,1.56,10.2,,,,,,,NIU
,30-11-2019,,,,BT01,003120,,,,,001,ITEMS,1,9.58,11.3,9.58,1.72,11.3,,,,,,,NIU
,30-11-2019,,,,BT01,003121,,,,,001,ITEMS,1,0.85,1,0.85,0.15,1,,,,,,,NIU
,30-11-2019,,,,BT01,003122,,,,,001,ITEMS,1,2.54,3,2.54,0.46,3,,,,,,,NIU
,30-11-2019,,,,BT01,003123,,,,,001,ITEMS,1,0.85,1,0.85,0.15,1,,,,,,,NIU
,30-11-2019,,,,BT01,003124,,,,,001,ITEMS,1,12.71,15,12.71,2.29,15,,,,,,,NIU
,30-11-2019,,,,BT01,003125,,,,,001,ITEMS,1,5.93,7,5.93,1.07,7,,,,,,,NIU
,30-11-2019,,,,BT01,003126,,,,,001,ITEMS,1,0.17,0.2,0.17,0.03,0.2,,,,,,,NIU
,30-11-2019,,,,BT01,003127,,,,,001,ITEMS,1,8.05,9.5,8.05,1.45,9.5,,,,,,,NIU
,30-11-2019,,,,BT01,003128,,,,,001,ITEMS,1,2.20,2.6,2.20,0.40,2.6,,,,,,,NIU
,30-11-2019,,,,BT01,003129,,,,,001,ITEMS,1,5.17,6.1,5.17,0.93,6.1,,,,,,,NIU
,30-11-2019,,,,BT01,003130,,,,,001,ITEMS,1,10.93,12.9,10.93,1.97,12.9,,,,,,,NIU
,30-11-2019,,,,BT01,003131,,,,,001,ITEMS,1,21.86,25.8,21.86,3.94,25.8,,,,,,,NIU
,30-11-2019,,,,BT01,003132,,,,,001,ITEMS,1,1.02,1.2,1.02,0.18,1.2,,,,,,,NIU
,30-11-2019,,,,BT01,003133,,,,,001,ITEMS,1,9.32,11,9.32,1.68,11,,,,,,,NIU
,30-11-2019,,,,BT01,003134,,,,,001,ITEMS,1,53.98,63.7,53.98,9.72,63.7,,,,,,,NIU
,30-11-2019,,,,BT01,003135,,,,,001,ITEMS,1,1.69,2,1.69,0.31,2,,,,,,,NIU
,30-11-2019,,,,BT01,003136,,,,,001,ITEMS,1,1.10,1.3,1.10,0.20,1.3,,,,,,,NIU
,30-11-2019,,,,BT01,003137,,,,,001,ITEMS,1,3.31,3.9,3.31,0.59,3.9,,,,,,,NIU
,30-11-2019,,,,BT01,003138,,,,,001,ITEMS,1,5.34,6.3,5.34,0.96,6.3,,,,,,,NIU
,30-11-2019,,,,BT01,003139,,,,,001,ITEMS,1,10.93,12.9,10.93,1.97,12.9,,,,,,,NIU
,30-11-2019,,,,BT01,003140,,,,,001,ITEMS,1,5.25,6.2,5.25,0.95,6.2,,,,,,,NIU
,30-11-2019,,,,BT01,003141,,,,,001,ITEMS,1,10.93,12.9,10.93,1.97,12.9,,,,,,,NIU
,30-11-2019,,,,BT01,003142,,,,,001,ITEMS,1,10.93,12.9,10.93,1.97,12.9,,,,,,,NIU
,30-11-2019,,,,BT01,003143,,,,,001,ITEMS,1,9.75,11.5,9.75,1.75,11.5,,,,,,,NIU
,30-11-2019,,,,BT01,003144,,,,,001,ITEMS,1,5.17,6.1,5.17,0.93,6.1,,,,,,,NIU
,30-11-2019,,,,BT01,003145,,,,,001,ITEMS,1,10.25,12.1,10.25,1.85,12.1,,,,,,,NIU
,30-11-2019,,,,BT01,003146,,,,,001,ITEMS,1,0.59,0.7,0.59,0.11,0.7,,,,,,,NIU
,30-11-2019,,,,BT01,003147,,,,,001,ITEMS,1,9.75,11.5,9.75,1.75,11.5,,,,,,,NIU
,30-11-2019,,,,BT01,003148,,,,,001,ITEMS,1,14.83,17.5,14.83,2.67,17.5,,,,,,,NIU
,30-11-2019,,,,BT01,003149,,,,,001,ITEMS,1,5.93,7,5.93,1.07,7,,,,,,,NIU
,30-11-2019,,,,BT01,003150,,,,,001,ITEMS,1,10.17,12,10.17,1.83,12,,,,,,,NIU
,30-11-2019,,,,BT01,003151,,,,,001,ITEMS,1,7.12,8.4,7.12,1.28,8.4,,,,,,,NIU
,30-11-2019,,,,BT01,003152,,,,,001,ITEMS,1,70.85,83.6,70.85,12.75,83.6,,,,,,,NIU
,30-11-2019,,,,BT01,003153,,,,,001,ITEMS,1,29.24,34.5,29.24,5.26,34.5,,,,,,,NIU
,30-11-2019,,,,BT01,003154,,,,,001,ITEMS,1,5.93,7,5.93,1.07,7,,,,,,,NIU
,30-11-2019,,,,BT01,003155,,,,,001,ITEMS,1,27.46,32.4,27.46,4.94,32.4,,,,,,,NIU
,30-11-2019,,,,BT01,003156,,,,,001,ITEMS,1,21.19,25,21.19,3.81,25,,,,,,,NIU
,30-11-2019,,,,BT01,003157,,,,,001,ITEMS,1,9.75,11.5,9.75,1.75,11.5,,,,,,,NIU
,30-11-2019,,,,BT01,003158,,,,,001,ITEMS,1,7.29,8.6,7.29,1.31,8.6,,,,,,,NIU
,30-11-2019,,,,BT01,003159,,,,,001,ITEMS,1,2.97,3.5,2.97,0.53,3.5,,,,,,,NIU
,30-11-2019,,,,BT01,003160,,,,,001,ITEMS,1,3.47,4.1,3.47,0.63,4.1,,,,,,,NIU
,30-11-2019,,,,BT01,003161,,,,,001,ITEMS,1,5.93,7,5.93,1.07,7,,,,,,,NIU
,30-11-2019,,,,BT01,003162,,,,,001,ITEMS,1,0.85,1,0.85,0.15,1,,,,,,,NIU
,30-11-2019,,,,BT01,003163,,,,,001,ITEMS,1,15.34,18.1,15.34,2.76,18.1,,,,,,,NIU
,30-11-2019,,,,BT01,003164,,,,,001,ITEMS,1,1.69,2,1.69,0.31,2,,,,,,,NIU
,30-11-2019,,,,BT01,003165,,,,,001,ITEMS,1,19.07,22.5,19.07,3.43,22.5,,,,,,,NIU
,30-11-2019,,,,BT01,003166,,,,,001,ITEMS,1,57.63,68,57.63,10.37,68,,,,,,,NIU
,30-11-2019,,,,BT01,003167,,,,,001,ITEMS,1,1.27,1.5,1.27,0.23,1.5,,,,,,,NIU
,30-11-2019,,,,BT01,003168,,,,,001,ITEMS,1,4.66,5.5,4.66,0.84,5.5,,,,,,,NIU
,30-11-2019,,,,BT01,003169,,,,,001,ITEMS,1,8.98,10.6,8.98,1.62,10.6,,,,,,,NIU
,30-11-2019,,,,BT01,003170,,,,,001,ITEMS,1,6.27,7.4,6.27,1.13,7.4,,,,,,,NIU
,30-11-2019,,,,BT01,003171,,,,,001,ITEMS,1,1.69,2,1.69,0.31,2,,,,,,,NIU
,30-11-2019,,,,BT01,003172,,,,,001,ITEMS,1,4.83,5.7,4.83,0.87,5.7,,,,,,,NIU
,30-11-2019,,,,BT01,003173,,,,,001,ITEMS,1,2.12,2.5,2.12,0.38,2.5,,,,,,,NIU
,30-11-2019,,,,BT01,003174,,,,,001,ITEMS,1,1.69,2,1.69,0.31,2,,,,,,,NIU
,30-11-2019,,,,BT01,003175,,,,,001,ITEMS,1,4.66,5.5,4.66,0.84,5.5,,,,,,,NIU
,30-11-2019,,,,BT01,003176,,,,,001,ITEMS,1,1.27,1.5,1.27,0.23,1.5,,,,,,,NIU
,30-11-2019,,,,BT01,003177,,,,,001,ITEMS,1,11.69,13.8,11.69,2.11,13.8,,,,,,,NIU
,30-11-2019,,,,BT01,003178,,,,,001,ITEMS,1,33.05,39,33.05,5.95,39,,,,,,,NIU
,30-11-2019,,,,BT01,003179,,,,,001,ITEMS,1,6.78,8,6.78,1.22,8,,,,,,,NIU
,30-11-2019,,,,BT01,003180,,,,,001,ITEMS,1,0.59,0.7,0.59,0.11,0.7,,,,,,,NIU
,30-11-2019,,,,BT01,003181,,,,,001,ITEMS,1,43.73,51.6,43.73,7.87,51.6,,,,,,,NIU
,30-11-2019,,,,BT01,003182,,,,,001,ITEMS,1,14.83,17.5,14.83,2.67,17.5,,,,,,,NIU
,30-11-2019,,,,BT01,003183,,,,,001,ITEMS,1,103.64,122.3,103.64,18.66,122.3,,,,,,,NIU
,30-11-2019,,,,BT01,003184,,,,,001,ITEMS,1,21.19,25,21.19,3.81,25,,,,,,,NIU
,30-11-2019,,,,BT01,003185,,,,,001,ITEMS,1,7.37,8.7,7.37,1.33,8.7,,,,,,,NIU
,30-11-2019,,,,BT01,003186,,,,,001,ITEMS,1,6.10,7.2,6.10,1.10,7.2,,,,,,,NIU
,30-11-2019,,,,BT01,003187,,,,,001,ITEMS,1,7.63,9,7.63,1.37,9,,,,,,,NIU
,30-11-2019,,,,BT01,003188,,,,,001,ITEMS,1,19.24,22.7,19.24,3.46,22.7,,,,,,,NIU
,30-11-2019,,,,BT01,003189,,,,,001,ITEMS,1,0.17,0.2,0.17,0.03,0.2,,,,,,,NIU
,30-11-2019,,,,BT01,003190,,,,,001,ITEMS,1,23.73,28,23.73,4.27,28,,,,,,,NIU
,30-11-2019,,,,BT01,003191,,,,,001,ITEMS,1,8.05,9.5,8.05,1.45,9.5,,,,,,,NIU
,30-11-2019,,,,BT01,003192,,,,,001,ITEMS,1,2.20,2.6,2.20,0.40,2.6,,,,,,,NIU
,30-11-2019,,,,BT01,003193,,,,,001,ITEMS,1,1.36,1.6,1.36,0.24,1.6,,,,,,,NIU
,30-11-2019,,,,BT01,003194,,,,,001,ITEMS,1,2.71,3.2,2.71,0.49,3.2,,,,,,,NIU
,30-11-2019,,,,BT01,003195,,,,,001,ITEMS,1,3.39,4,3.39,0.61,4,,,,,,,NIU
,30-11-2019,,,,BT01,003196,,,,,001,ITEMS,1,8.47,10,8.47,1.53,10,,,,,,,NIU
,30-11-2019,,,,BT01,003197,,,,,001,ITEMS,1,1.02,1.2,1.02,0.18,1.2,,,,,,,NIU
,30-11-2019,,,,BT01,003198,,,,,001,ITEMS,1,6.78,8,6.78,1.22,8,,,,,,,NIU
,30-11-2019,,,,BT01,003199,,,,,001,ITEMS,1,21.86,25.8,21.86,3.94,25.8,,,,,,,NIU
,30-11-2019,,,,BT01,003200,,,,,001,ITEMS,1,0.59,0.7,0.59,0.11,0.7,,,,,,,NIU
,30-11-2019,,,,BT01,003201,,,,,001,ITEMS,1,1.02,1.2,1.02,0.18,1.2,,,,,,,NIU
,30-11-2019,,,,BT01,003202,,,,,001,ITEMS,1,5.08,6,5.08,0.92,6,,,,,,,NIU
,30-11-2019,,,,BT01,003203,,,,,001,ITEMS,1,12.29,14.5,12.29,2.21,14.5,,,,,,,NIU
,30-11-2019,,,,BT01,003204,,,,,001,ITEMS,1,0.85,1,0.85,0.15,1,,,,,,,NIU
,30-11-2019,,,,BT01,003205,,,,,001,ITEMS,1,7.03,8.3,7.03,1.27,8.3,,,,,,,NIU
,30-11-2019,,,,BT01,003206,,,,,001,ITEMS,1,54.58,64.4,54.58,9.82,64.4,,,,,,,NIU
,30-11-2019,,,,BT01,003207,,,,,001,ITEMS,1,0.85,1,0.85,0.15,1,,,,,,,NIU
,30-11-2019,,,,BT01,003208,,,,,001,ITEMS,1,17.63,20.8,17.63,3.17,20.8,,,,,,,NIU
,30-11-2019,,,,BT01,003209,,,,,001,ITEMS,1,51.44,60.7,51.44,9.26,60.7,,,,,,,NIU
,30-11-2019,,,,BT01,003210,,,,,001,ITEMS,1,4.32,5.1,4.32,0.78,5.1,,,,,,,NIU
,30-11-2019,,,,BT01,003211,,,,,001,ITEMS,1,1.69,2,1.69,0.31,2,,,,,,,NIU
,30-11-2019,,,,BT01,003212,,,,,001,ITEMS,1,2.29,2.7,2.29,0.41,2.7,,,,,,,NIU
,30-11-2019,,,,BT01,003213,,,,,001,ITEMS,1,0.85,1,0.85,0.15,1,,,,,,,NIU
,30-11-2019,,,,BT01,003214,,,,,001,ITEMS,1,1.44,1.7,1.44,0.26,1.7,,,,,,,NIU
,30-11-2019,,,,BT01,003215,,,,,001,ITEMS,1,3.56,4.2,3.56,0.64,4.2,,,,,,,NIU
,30-11-2019,,,,BT01,003216,,,,,001,ITEMS,1,3.39,4,3.39,0.61,4,,,,,,,NIU
,30-11-2019,,,,BT01,003217,,,,,001,ITEMS,1,0.25,0.3,0.25,0.05,0.3,,,,,,,NIU
,30-11-2019,,,,BT01,003218,,,,,001,ITEMS,1,15.08,17.8,15.08,2.72,17.8,,,,,,,NIU
,30-11-2019,,,,BT01,003219,,,,,001,ITEMS,1,0.08,0.1,0.08,0.02,0.1,,,,,,,NIU
,30-11-2019,,,,BT01,003220,,,,,001,ITEMS,1,1.19,1.4,1.19,0.21,1.4,,,,,,,NIU
,30-11-2019,,,,BT01,003221,,,,,001,ITEMS,1,5.85,6.9,5.85,1.05,6.9,,,,,,,NIU
,30-11-2019,,,,BT01,003222,,,,,001,ITEMS,1,1.36,1.6,1.36,0.24,1.6,,,,,,,NIU
,30-11-2019,,,,BT01,003223,,,,,001,ITEMS,1,8.64,10.2,8.64,1.56,10.2,,,,,,,NIU
,30-11-2019,,,,BT01,003224,,,,,001,ITEMS,1,1.19,1.4,1.19,0.21,1.4,,,,,,,NIU
,30-11-2019,,,,BT01,003225,,,,,001,ITEMS,1,4.66,5.5,4.66,0.84,5.5,,,,,,,NIU
,30-11-2019,,,,BT01,003226,,,,,001,ITEMS,1,40.00,47.2,40.00,7.20,47.2,,,,,,,NIU
,30-11-2019,,,,BT01,003227,,,,,001,ITEMS,1,3.14,3.7,3.14,0.56,3.7,,,,,,,NIU
,30-11-2019,,,,BT01,003228,,,,,001,ITEMS,1,2.20,2.6,2.20,0.40,2.6,,,,,,,NIU
,30-11-2019,,,,BT01,003229,,,,,001,ITEMS,1,0.85,1,0.85,0.15,1,,,,,,,NIU
,30-11-2019,,,,BT01,003230,,,,,001,ITEMS,1,5.93,7,5.93,1.07,7,,,,,,,NIU
,30-11-2019,,,,BT01,003231,,,,,001,ITEMS,1,1.44,1.7,1.44,0.26,1.7,,,,,,,NIU
,30-11-2019,,,,BT01,003232,,,,,001,ITEMS,1,1.69,2,1.69,0.31,2,,,,,,,NIU
,30-11-2019,,,,BT01,003233,,,,,001,ITEMS,1,2.12,2.5,2.12,0.38,2.5,,,,,,,NIU
,30-11-2019,,,,BT01,003234,,,,,001,ITEMS,1,0.85,1,0.85,0.15,1,,,,,,,NIU
,30-11-2019,,,,BT01,003235,,,,,001,ITEMS,1,4.24,5,4.24,0.76,5,,,,,,,NIU
,30-11-2019,,,,BT01,003236,,,,,001,ITEMS,1,1.27,1.5,1.27,0.23,1.5,,,,,,,NIU
,30-11-2019,,,,BT01,003237,,,,,001,ITEMS,1,1.69,2,1.69,0.31,2,,,,,,,NIU
,30-11-2019,,,,BT01,003238,,,,,001,ITEMS,1,1.86,2.2,1.86,0.34,2.2,,,,,,,NIU
,30-11-2019,,,,BT01,003239,,,,,001,ITEMS,1,11.02,13,11.02,1.98,13,,,,,,,NIU
,30-11-2019,,,,BT01,003240,,,,,001,ITEMS,1,6.02,7.1,6.02,1.08,7.1,,,,,,,NIU
,30-11-2019,,,,BT01,003241,,,,,001,ITEMS,1,55.93,66,55.93,10.07,66,,,,,,,NIU
,30-11-2019,,,,BT01,003242,,,,,001,ITEMS,1,6.36,7.5,6.36,1.14,7.5,,,,,,,NIU
,30-11-2019,,,,BT01,003243,,,,,001,ITEMS,1,8.47,10,8.47,1.53,10,,,,,,,NIU
,30-11-2019,,,,BT01,003244,,,,,001,ITEMS,1,72.03,85,72.03,12.97,85,,,,,,,NIU
,30-11-2019,,,,BT01,003245,,,,,001,ITEMS,1,5.08,6,5.08,0.92,6,,,,,,,NIU
,30-11-2019,,,,BT01,003246,,,,,001,ITEMS,1,11.86,14,11.86,2.14,14,,,,,,,NIU
,30-11-2019,,,,BT01,003247,,,,,001,ITEMS,1,0.17,0.2,0.17,0.03,0.2,,,,,,,NIU
,30-11-2019,,,,BT01,003248,,,,,001,ITEMS,1,0.85,1,0.85,0.15,1,,,,,,,NIU
,30-11-2019,,,,BT01,003249,,,,,001,ITEMS,1,2.97,3.5,2.97,0.53,3.5,,,,,,,NIU
,30-11-2019,,,,BT01,003250,,,,,001,ITEMS,1,5.93,7,5.93,1.07,7,,,,,,,NIU
,30-11-2019,,,,BT01,003251,,,,,001,ITEMS,1,-6.78,-8,-6.78,-1.22,-8,,,,,,,NIU
,30-11-2019,,,,BT01,003252,,,,,001,ITEMS,1,11.36,13.4,11.36,2.04,13.4,,,,,,,NIU
,30-11-2019,,,,BT01,003253,,,,,001,ITEMS,1,6.36,7.5,6.36,1.14,7.5,,,,,,,NIU
,30-11-2019,,,,BT01,003254,,,,,001,ITEMS,1,14.49,17.1,14.49,2.61,17.1,,,,,,,NIU
,30-11-2019,,,,BT01,003255,,,,,001,ITEMS,1,10.34,12.2,10.34,1.86,12.2,,,,,,,NIU
,30-11-2019,,,,BT01,003256,,,,,001,ITEMS,1,2.29,2.7,2.29,0.41,2.7,,,,,,,NIU
,30-11-2019,,,,BT01,003257,,,,,001,ITEMS,1,1.10,1.3,1.10,0.20,1.3,,,,,,,NIU
,30-11-2019,,,,BT01,003258,,,,,001,ITEMS,1,3.22,3.8,3.22,0.58,3.8,,,,,,,NIU
,30-11-2019,,,,BT01,003259,,,,,001,ITEMS,1,0.85,1,0.85,0.15,1,,,,,,,NIU
,30-11-2019,,,,BT01,003260,,,,,001,ITEMS,1,1.27,1.5,1.27,0.23,1.5,,,,,,,NIU
,30-11-2019,,,,BT01,003261,,,,,001,ITEMS,1,2.54,3,2.54,0.46,3,,,,,,,NIU
,30-11-2019,,,,BT01,003262,,,,,001,ITEMS,1,3.73,4.4,3.73,0.67,4.4,,,,,,,NIU
,30-11-2019,,,,BT01,003263,,,,,001,ITEMS,1,0.85,1,0.85,0.15,1,,,,,,,NIU
,30-11-2019,,,,BT01,003264,,,,,001,ITEMS,1,6.27,7.4,6.27,1.13,7.4,,,,,,,NIU
,30-11-2019,,,,BT01,003265,,,,,001,ITEMS,1,93.39,110.2,93.39,16.81,110.2,,,,,,,NIU
,30-11-2019,,,,BT01,003266,,,,,001,ITEMS,1,9.32,11,9.32,1.68,11,,,,,,,NIU
,30-11-2019,,,,BT01,003267,,,,,001,ITEMS,1,7.88,9.3,7.88,1.42,9.3,,,,,,,NIU
,30-11-2019,,,,BT01,003268,,,,,001,ITEMS,1,0.85,1,0.85,0.15,1,,,,,,,NIU
,30-11-2019,,,,BT01,003269,,,,,001,ITEMS,1,21.86,25.8,21.86,3.94,25.8,,,,,,,NIU
,30-11-2019,,,,BT01,003270,,,,,001,ITEMS,1,15.34,18.1,15.34,2.76,18.1,,,,,,,NIU
,30-11-2019,,,,BT01,003271,,,,,001,ITEMS,1,0.08,0.1,0.08,0.02,0.1,,,,,,,NIU
,30-11-2019,,,,BT01,003272,,,,,001,ITEMS,1,8.14,9.6,8.14,1.46,9.6,,,,,,,NIU
,30-11-2019,,,,BT01,003273,,,,,001,ITEMS,1,0.85,1,0.85,0.15,1,,,,,,,NIU
,30-11-2019,,,,BT01,003274,,,,,001,ITEMS,1,1.86,2.2,1.86,0.34,2.2,,,,,,,NIU
,30-11-2019,,,,BT01,003275,,,,,001,ITEMS,1,1.69,2,1.69,0.31,2,,,,,,,NIU
,30-11-2019,,,,BT01,003276,,,,,001,ITEMS,1,5.93,7,5.93,1.07,7,,,,,,,NIU
,30-11-2019,,,,BT01,003277,,,,,001,ITEMS,1,5.85,6.9,5.85,1.05,6.9,,,,,,,NIU
,30-11-2019,,,,BT01,003278,,,,,001,ITEMS,1,7.63,9,7.63,1.37,9,,,,,,,NIU
,30-11-2019,,,,BT01,003279,,,,,001,ITEMS,1,0.85,1,0.85,0.15,1,,,,,,,NIU
,30-11-2019,,,,BT01,003280,,,,,001,ITEMS,1,2.46,2.9,2.46,0.44,2.9,,,,,,,NIU
,30-11-2019,,,,BT01,003281,,,,,001,ITEMS,1,2.97,3.5,2.97,0.53,3.5,,,,,,,NIU
,30-11-2019,,,,BT01,003282,,,,,001,ITEMS,1,1.02,1.2,1.02,0.18,1.2,,,,,,,NIU
,30-11-2019,,,,BT01,003283,,,,,001,ITEMS,1,3.14,3.7,3.14,0.56,3.7,,,,,,,NIU
,30-11-2019,,,,BT01,003284,,,,,001,ITEMS,1,0.59,0.7,0.59,0.11,0.7,,,,,,,NIU
,30-11-2019,,,,BT01,003285,,,,,001,ITEMS,1,2.20,2.6,2.20,0.40,2.6,,,,,,,NIU
,30-11-2019,,,,BT01,003286,,,,,001,ITEMS,1,13.98,16.5,13.98,2.52,16.5,,,,,,,NIU
,30-11-2019,,,,BT01,003287,,,,,001,ITEMS,1,0.51,0.6,0.51,0.09,0.6,,,,,,,NIU
,30-11-2019,,,,BT01,003288,,,,,001,ITEMS,1,19.92,23.5,19.92,3.58,23.5,,,,,,,NIU
,30-11-2019,,,,BT01,003289,,,,,001,ITEMS,1,1.02,1.2,1.02,0.18,1.2,,,,,,,NIU
,30-11-2019,,,,BT01,003290,,,,,001,ITEMS,1,0.42,0.5,0.42,0.08,0.5,,,,,,,NIU
,30-11-2019,,,,BT01,003291,,,,,001,ITEMS,1,9.49,11.2,9.49,1.71,11.2,,,,,,,NIU
,30-11-2019,,,,BT01,003292,,,,,001,ITEMS,1,31.36,37,31.36,5.64,37,,,,,,,NIU
,30-11-2019,,,,BT01,003293,,,,,001,ITEMS,1,9.92,11.7,9.92,1.78,11.7,,,,,,,NIU
,30-11-2019,,,,BT01,003294,,,,,001,ITEMS,1,0.85,1,0.85,0.15,1,,,,,,,NIU
,30-11-2019,,,,BT01,003295,,,,,001,ITEMS,1,2.63,3.1,2.63,0.47,3.1,,,,,,,NIU
,30-11-2019,,,,BT01,003296,,,,,001,ITEMS,1,0.76,0.9,0.76,0.14,0.9,,,,,,,NIU
,30-11-2019,,,,BT01,003297,,,,,001,ITEMS,1,0.85,1,0.85,0.15,1,,,,,,,NIU
,30-11-2019,,,,BT01,003298,,,,,001,ITEMS,1,5.34,6.3,5.34,0.96,6.3,,,,,,,NIU
,30-11-2019,,,,BT01,003299,,,,,001,ITEMS,1,1.69,2,1.69,0.31,2,,,,,,,NIU
,30-11-2019,,,,BT01,003300,,,,,001,ITEMS,1,21.86,25.8,21.86,3.94,25.8,,,,,,,NIU
,30-11-2019,,,,BT01,003301,,,,,001,ITEMS,1,6.78,8,6.78,1.22,8,,,,,,,NIU
,30-11-2019,,,,BT01,003302,,,,,001,ITEMS,1,1.44,1.7,1.44,0.26,1.7,,,,,,,NIU
,30-11-2019,,,,BT01,003303,,,,,001,ITEMS,1,1.44,1.7,1.44,0.26,1.7,,,,,,,NIU
,30-11-2019,,,,BT01,003304,,,,,001,ITEMS,1,0.85,1,0.85,0.15,1,,,,,,,NIU
,30-11-2019,,,,BT01,003305,,,,,001,ITEMS,1,3.39,4,3.39,0.61,4,,,,,,,NIU
,30-11-2019,,,,BT01,003306,,,,,001,ITEMS,1,0.85,1,0.85,0.15,1,,,,,,,NIU
,30-11-2019,,,,BT01,003307,,,,,001,ITEMS,1,1.69,2,1.69,0.31,2,,,,,,,NIU
,30-11-2019,,,,BT01,003308,,,,,001,ITEMS,1,2.12,2.5,2.12,0.38,2.5,,,,,,,NIU
,30-11-2019,,,,BT01,003309,,,,,001,ITEMS,1,11.10,13.1,11.10,2.00,13.1,,,,,,,NIU
,30-11-2019,,,,BT01,003310,,,,,001,ITEMS,1,1.02,1.2,1.02,0.18,1.2,,,,,,,NIU
,30-11-2019,,,,BT01,003311,,,,,001,ITEMS,1,6.69,7.9,6.69,1.21,7.9,,,,,,,NIU
,30-11-2019,,,,BT01,003312,,,,,001,ITEMS,1,1.27,1.5,1.27,0.23,1.5,,,,,,,NIU
,30-11-2019,,,,BT01,003313,,,,,001,ITEMS,1,5.25,6.2,5.25,0.95,6.2,,,,,,,NIU
,30-11-2019,,,,BT01,003314,,,,,001,ITEMS,1,3.39,4,3.39,0.61,4,,,,,,,NIU
,30-11-2019,,,,BT01,003315,,,,,001,ITEMS,1,1.44,1.7,1.44,0.26,1.7,,,,,,,NIU
,30-11-2019,,,,BT01,003316,,,,,001,ITEMS,1,4.58,5.4,4.58,0.82,5.4,,,,,,,NIU
,30-11-2019,,,,BT01,003317,,,,,001,ITEMS,1,3.56,4.2,3.56,0.64,4.2,,,,,,,NIU
,30-11-2019,,,,BT01,003318,,,,,001,ITEMS,1,3.31,3.9,3.31,0.59,3.9,,,,,,,NIU
,30-11-2019,,,,BT01,003319,,,,,001,ITEMS,1,10.93,12.9,10.93,1.97,12.9,,,,,,,NIU
,30-11-2019,,,,BT01,003320,,,,,001,ITEMS,1,1.86,2.2,1.86,0.34,2.2,,,,,,,NIU
,30-11-2019,,,,BT01,003321,,,,,001,ITEMS,1,4.66,5.5,4.66,0.84,5.5,,,,,,,NIU
,30-11-2019,,,,BT01,003322,,,,,001,ITEMS,1,1.02,1.2,1.02,0.18,1.2,,,,,,,NIU
,30-11-2019,,,,BT01,003323,,,,,001,ITEMS,1,4.24,5,4.24,0.76,5,,,,,,,NIU
,30-11-2019,,,,BT01,003324,,,,,001,ITEMS,1,7.20,8.5,7.20,1.30,8.5,,,,,,,NIU
,30-11-2019,,,,BT01,003325,,,,,001,ITEMS,1,2.12,2.5,2.12,0.38,2.5,,,,,,,NIU
,30-11-2019,,,,BT01,003326,,,,,001,ITEMS,1,1.69,2,1.69,0.31,2,,,,,,,NIU
,30-11-2019,,,,BT01,003327,,,,,001,ITEMS,1,1.44,1.7,1.44,0.26,1.7,,,,,,,NIU
,30-11-2019,,,,BT01,003328,,,,,001,ITEMS,1,1.86,2.2,1.86,0.34,2.2,,,,,,,NIU
,30-11-2019,,,,BT01,003329,,,,,001,ITEMS,1,1.69,2,1.69,0.31,2,,,,,,,NIU
,30-11-2019,,,,BT01,003330,,,,,001,ITEMS,1,10.93,12.9,10.93,1.97,12.9,,,,,,,NIU
,30-11-2019,,,,BT01,003331,,,,,001,ITEMS,1,18.73,22.1,18.73,3.37,22.1,,,,,,,NIU
,30-11-2019,,,,BT01,003332,,,,,001,ITEMS,1,5.34,6.3,5.34,0.96,6.3,,,,,,,NIU
,30-11-2019,,,,BT01,003333,,,,,001,ITEMS,1,10.93,12.9,10.93,1.97,12.9,,,,,,,NIU
,30-11-2019,,,,BT01,003334,,,,,001,ITEMS,1,0.85,1,0.85,0.15,1,,,,,,,NIU
,30-11-2019,,,,BT01,003335,,,,,001,ITEMS,1,9.83,11.6,9.83,1.77,11.6,,,,,,,NIU
,30-11-2019,,,,BT01,003336,,,,,001,ITEMS,1,0.08,0.1,0.08,0.02,0.1,,,,,,,NIU
,30-11-2019,,,,BT01,003337,,,,,001,ITEMS,1,9.15,10.8,9.15,1.65,10.8,,,,,,,NIU
,30-11-2019,,,,BT01,003338,,,,,001,ITEMS,1,2.54,3,2.54,0.46,3,,,,,,,NIU
,30-11-2019,,,,BT01,003339,,,,,001,ITEMS,1,6.61,7.8,6.61,1.19,7.8,,,,,,,NIU
,30-11-2019,,,,BT01,003340,,,,,001,ITEMS,1,4.15,4.9,4.15,0.75,4.9,,,,,,,NIU
,30-11-2019,,,,BT01,003341,,,,,001,ITEMS,1,3.31,3.9,3.31,0.59,3.9,,,,,,,NIU
,30-11-2019,,,,BT01,003342,,,,,001,ITEMS,1,3.47,4.1,3.47,0.63,4.1,,,,,,,NIU
,30-11-2019,,,,BT01,003343,,,,,001,ITEMS,1,2.46,2.9,2.46,0.44,2.9,,,,,,,NIU
,30-11-2019,,,,BT01,003344,,,,,001,ITEMS,1,5.51,6.5,5.51,0.99,6.5,,,,,,,NIU
,30-11-2019,,,,BT01,003345,,,,,001,ITEMS,1,10.59,12.5,10.59,1.91,12.5,,,,,,,NIU
,30-11-2019,,,,BT01,003346,,,,,001,ITEMS,1,1.69,2,1.69,0.31,2,,,,,,,NIU
,30-11-2019,,,,BT01,003347,,,,,001,ITEMS,1,1.69,2,1.69,0.31,2,,,,,,,NIU
,30-11-2019,,,,BT01,003348,,,,,001,ITEMS,1,10.93,12.9,10.93,1.97,12.9,,,,,,,NIU
,30-11-2019,,,,BT01,003349,,,,,001,ITEMS,1,10.93,12.9,10.93,1.97,12.9,,,,,,,NIU
,30-11-2019,,,,BT01,003350,,,,,001,ITEMS,1,8.90,10.5,8.90,1.60,10.5,,,,,,,NIU
,30-11-2019,,,,BT01,003351,,,,,001,ITEMS,1,1.86,2.2,1.86,0.34,2.2,,,,,,,NIU
,30-11-2019,,,,BT01,003352,,,,,001,ITEMS,1,1.69,2,1.69,0.31,2,,,,,,,NIU
,30-11-2019,,,,BT01,003353,,,,,001,ITEMS,1,5.93,7,5.93,1.07,7,,,,,,,NIU
,30-11-2019,,,,BT01,003354,,,,,001,ITEMS,1,1.44,1.7,1.44,0.26,1.7,,,,,,,NIU
,30-11-2019,,,,BT01,003355,,,,,001,ITEMS,1,1.69,2,1.69,0.31,2,,,,,,,NIU
,30-11-2019,,,,BT01,003356,,,,,001,ITEMS,1,6.44,7.6,6.44,1.16,7.6,,,,,,,NIU
,30-11-2019,,,,BT01,003357,,,,,001,ITEMS,1,2.12,2.5,2.12,0.38,2.5,,,,,,,NIU
,30-11-2019,,,,BT01,003358,,,,,001,ITEMS,1,2.12,2.5,2.12,0.38,2.5,,,,,,,NIU
,30-11-2019,,,,BT01,003359,,,,,001,ITEMS,1,0.85,1,0.85,0.15,1,,,,,,,NIU
,30-11-2019,,,,BT01,003360,,,,,001,ITEMS,1,0.17,0.2,0.17,0.03,0.2,,,,,,,NIU
,30-11-2019,,,,BT01,003361,,,,,001,ITEMS,1,2.29,2.7,2.29,0.41,2.7,,,,,,,NIU
,30-11-2019,,,,BT01,003362,,,,,001,ITEMS,1,4.49,5.3,4.49,0.81,5.3,,,,,,,NIU
,30-11-2019,,,,BT01,003363,,,,,001,ITEMS,1,0.85,1,0.85,0.15,1,,,,,,,NIU
,30-11-2019,,,,BT01,003364,,,,,001,ITEMS,1,2.71,3.2,2.71,0.49,3.2,,,,,,,NIU
,30-11-2019,,,,BT01,003365,,,,,001,ITEMS,1,1.69,2,1.69,0.31,2,,,,,,,NIU
,30-11-2019,,,,BT01,003366,,,,,001,ITEMS,1,0.42,0.5,0.42,0.08,0.5,,,,,,,NIU
,30-11-2019,,,,BT01,003367,,,,,001,ITEMS,1,2.54,3,2.54,0.46,3,,,,,,,NIU
,30-11-2019,,,,BT01,003368,,,,,001,ITEMS,1,1.53,1.8,1.53,0.27,1.8,,,,,,,NIU
,30-11-2019,,,,BT01,003369,,,,,001,ITEMS,1,5.68,6.7,5.68,1.02,6.7,,,,,,,NIU
,30-11-2019,,,,BT01,003370,,,,,001,ITEMS,1,3.56,4.2,3.56,0.64,4.2,,,,,,,NIU
,30-11-2019,,,,BT01,003371,,,,,001,ITEMS,1,0.85,1,0.85,0.15,1,,,,,,,NIU
,30-11-2019,,,,BT01,003372,,,,,001,ITEMS,1,1.27,1.5,1.27,0.23,1.5,,,,,,,NIU
,30-11-2019,,,,BT01,003373,,,,,001,ITEMS,1,15.59,18.4,15.59,2.81,18.4,,,,,,,NIU
,30-11-2019,,,,BT01,003374,,,,,001,ITEMS,1,11.69,13.8,11.69,2.11,13.8,,,,,,,NIU
,30-11-2019,,,,BT01,003375,,,,,001,ITEMS,1,8.47,10,8.47,1.53,10,,,,,,,NIU
,30-11-2019,,,,BT01,003376,,,,,001,ITEMS,1,1.69,2,1.69,0.31,2,,,,,,,NIU
,30-11-2019,,,,BT01,003377,,,,,001,ITEMS,1,1.27,1.5,1.27,0.23,1.5,,,,,,,NIU
,30-11-2019,,,,BT01,003378,,,,,001,ITEMS,1,6.86,8.1,6.86,1.24,8.1,,,,,,,NIU
,30-11-2019,,,,BT01,003379,,,,,001,ITEMS,1,0.34,0.4,0.34,0.06,0.4,,,,,,,NIU
,30-11-2019,,,,BT01,003380,,,,,001,ITEMS,1,29.58,34.9,29.58,5.32,34.9,,,,,,,NIU
,30-11-2019,,,,BT01,003381,,,,,001,ITEMS,1,10.93,12.9,10.93,1.97,12.9,,,,,,,NIU
,30-11-2019,,,,BT01,003382,,,,,001,ITEMS,1,10.93,12.9,10.93,1.97,12.9,,,,,,,NIU
,30-11-2019,,,,BT01,003383,,,,,001,ITEMS,1,1.69,2,1.69,0.31,2,,,,,,,NIU
,30-11-2019,,,,BT01,003384,,,,,001,ITEMS,1,5.42,6.4,5.42,0.98,6.4,,,,,,,NIU
,30-11-2019,,,,BT01,003385,,,,,001,ITEMS,1,0.85,1,0.85,0.15,1,,,,,,,NIU
,30-11-2019,,,,BT01,003386,,,,,001,ITEMS,1,1.69,2,1.69,0.31,2,,,,,,,NIU
,30-11-2019,,,,BT01,003387,,,,,001,ITEMS,1,4.41,5.2,4.41,0.79,5.2,,,,,,,NIU
,30-11-2019,,,,BT01,003388,,,,,001,ITEMS,1,21.86,25.8,21.86,3.94,25.8,,,,,,,NIU
,30-11-2019,,,,BT01,003389,,,,,001,ITEMS,1,2.54,3,2.54,0.46,3,,,,,,,NIU
,30-11-2019,,,,BT01,003390,,,,,001,ITEMS,1,3.05,3.6,3.05,0.55,3.6,,,,,,,NIU
,30-11-2019,,,,BT01,003391,,,,,001,ITEMS,1,43.73,51.6,43.73,7.87,51.6,,,,,,,NIU
,30-11-2019,,,,BT01,003392,,,,,001,ITEMS,1,1.69,2,1.69,0.31,2,,,,,,,NIU
,30-11-2019,,,,BT01,003393,,,,,001,ITEMS,1,9.75,11.5,9.75,1.75,11.5,,,,,,,NIU
,30-11-2019,,,,BT01,003394,,,,,001,ITEMS,1,2.97,3.5,2.97,0.53,3.5,,,,,,,NIU
,30-11-2019,,,,BT01,003395,,,,,001,ITEMS,1,6.78,8,6.78,1.22,8,,,,,,,NIU
,30-11-2019,,,,BT01,003396,,,,,001,ITEMS,1,16.86,19.9,16.86,3.04,19.9,,,,,,,NIU
,30-11-2019,,,,BT01,003397,,,,,001,ITEMS,1,3.90,4.6,3.90,0.70,4.6,,,,,,,NIU
,30-11-2019,,,,BT01,003398,,,,,001,ITEMS,1,1.02,1.2,1.02,0.18,1.2,,,,,,,NIU
,30-11-2019,,,,BT01,003399,,,,,001,ITEMS,1,0.42,0.5,0.42,0.08,0.5,,,,,,,NIU
,30-11-2019,,,,BT01,003400,,,,,001,ITEMS,1,3.14,3.7,3.14,0.56,3.7,,,,,,,NIU
,30-11-2019,,,,BT01,003401,,,,,001,ITEMS,1,0.85,1,0.85,0.15,1,,,,,,,NIU
,30-11-2019,,,,BT01,003402,,,,,001,ITEMS,1,6.61,7.8,6.61,1.19,7.8,,,,,,,NIU
,30-11-2019,,,,BT01,003403,,,,,001,ITEMS,1,3.39,4,3.39,0.61,4,,,,,,,NIU
,30-11-2019,,,,BT01,003404,,,,,001,ITEMS,1,10.42,12.3,10.42,1.88,12.3,,,,,,,NIU
,30-11-2019,,,,BT01,003405,,,,,001,ITEMS,1,2.12,2.5,2.12,0.38,2.5,,,,,,,NIU
,30-11-2019,,,,BT01,003406,,,,,001,ITEMS,1,10.93,12.9,10.93,1.97,12.9,,,,,,,NIU
,30-11-2019,,,,BT01,003407,,,,,001,ITEMS,1,6.53,7.7,6.53,1.17,7.7,,,,,,,NIU
,30-11-2019,,,,BT01,003408,,,,,001,ITEMS,1,11.53,13.6,11.53,2.07,13.6,,,,,,,NIU
,30-11-2019,,,,BT01,003409,,,,,001,ITEMS,1,10.93,12.9,10.93,1.97,12.9,,,,,,,NIU
,30-11-2019,,,,BT01,003410,,,,,001,ITEMS,1,16.86,19.9,16.86,3.04,19.9,,,,,,,NIU
,30-11-2019,,,,BT01,003411,,,,,001,ITEMS,1,5.08,6,5.08,0.92,6,,,,,,,NIU
,30-11-2019,,,,BT01,003412,,,,,001,ITEMS,1,0.17,0.2,0.17,0.03,0.2,,,,,,,NIU
,30-11-2019,,,,BT01,003413,,,,,001,ITEMS,1,0.08,0.1,0.08,0.02,0.1,,,,,,,NIU
,30-11-2019,,,,BT01,003414,,,,,001,ITEMS,1,6.02,7.1,6.02,1.08,7.1,,,,,,,NIU
,30-11-2019,,,,BT01,003415,,,,,001,ITEMS,1,11.44,13.5,11.44,2.06,13.5,,,,,,,NIU
,30-11-2019,,,,BT01,003416,,,,,001,ITEMS,1,5.68,6.7,5.68,1.02,6.7,,,,,,,NIU
,30-11-2019,,,,BT01,003417,,,,,001,ITEMS,1,7.63,9,7.63,1.37,9,,,,,,,NIU
,30-11-2019,,,,BT01,003418,,,,,001,ITEMS,1,6.78,8,6.78,1.22,8,,,,,,,NIU
,30-11-2019,,,,BT01,003419,,,,,001,ITEMS,1,86.53,102.1,86.53,15.57,102.1,,,,,,,NIU
,30-11-2019,,,,BT01,003420,,,,,001,ITEMS,1,1.69,2,1.69,0.31,2,,,,,,,NIU
,30-11-2019,,,,BT01,003421,,,,,001,ITEMS,1,59.15,69.8,59.15,10.65,69.8,,,,,,,NIU
,30-11-2019,,,,BT01,003422,,,,,001,ITEMS,1,2.71,3.2,2.71,0.49,3.2,,,,,,,NIU
,30-11-2019,,,,BT01,003423,,,,,001,ITEMS,1,3.39,4,3.39,0.61,4,,,,,,,NIU
,30-11-2019,,,,BT01,003424,,,,,001,ITEMS,1,1.44,1.7,1.44,0.26,1.7,,,,,,,NIU
,30-11-2019,,,,BT01,003425,,,,,001,ITEMS,1,3.56,4.2,3.56,0.64,4.2,,,,,,,NIU
,30-11-2019,,,,BT01,003426,,,,,001,ITEMS,1,1.02,1.2,1.02,0.18,1.2,,,,,,,NIU
,30-11-2019,,,,BT01,003427,,,,,001,ITEMS,1,5.76,6.8,5.76,1.04,6.8,,,,,,,NIU
,30-11-2019,,,,BT01,003428,,,,,001,ITEMS,1,2.03,2.4,2.03,0.37,2.4,,,,,,,NIU
,30-11-2019,,,,BT01,003429,,,,,001,ITEMS,1,3.39,4,3.39,0.61,4,,,,,,,NIU
,30-11-2019,,,,BT01,003430,,,,,001,ITEMS,1,34.83,41.1,34.83,6.27,41.1,,,,,,,NIU
,30-11-2019,,,,BT01,003431,,,,,001,ITEMS,1,20.25,23.9,20.25,3.65,23.9,,,,,,,NIU
,30-11-2019,,,,BT01,003432,,,,,001,ITEMS,1,21.86,25.8,21.86,3.94,25.8,,,,,,,NIU
,30-11-2019,,,,BT01,003433,,,,,001,ITEMS,1,2.20,2.6,2.20,0.40,2.6,,,,,,,NIU
,30-11-2019,,,,BT01,003434,,,,,001,ITEMS,1,1.53,1.8,1.53,0.27,1.8,,,,,,,NIU
,30-11-2019,,,,BT01,003435,,,,,001,ITEMS,1,10.93,12.9,10.93,1.97,12.9,,,,,,,NIU
,30-11-2019,,,,BT01,003436,,,,,001,ITEMS,1,0.17,0.2,0.17,0.03,0.2,,,,,,,NIU
,30-11-2019,,,,BT01,003437,,,,,001,ITEMS,1,12.46,14.7,12.46,2.24,14.7,,,,,,,NIU
,30-11-2019,,,,BT01,003438,,,,,001,ITEMS,1,6.36,7.5,6.36,1.14,7.5,,,,,,,NIU
,30-11-2019,,,,BT01,003439,,,,,001,ITEMS,1,1.44,1.7,1.44,0.26,1.7,,,,,,,NIU
,30-11-2019,,,,BT01,003440,,,,,001,ITEMS,1,23.73,28,23.73,4.27,28,,,,,,,NIU
,30-11-2019,,,,BT01,003441,,,,,001,ITEMS,1,65.85,77.7,65.85,11.85,77.7,,,,,,,NIU
,30-11-2019,,,,BT01,003442,,,,,001,ITEMS,1,32.80,38.7,32.80,5.90,38.7,,,,,,,NIU
,30-11-2019,,,,BT01,003443,,,,,001,ITEMS,1,3.14,3.7,3.14,0.56,3.7,,,,,,,NIU
,30-11-2019,,,,BT01,003444,,,,,001,ITEMS,1,-65.85,-77.7,-65.85,-11.85,-77.7,,,,,,,NIU
,30-11-2019,,,,BT01,003445,,,,,001,ITEMS,1,10.93,12.9,10.93,1.97,12.9,,,,,,,NIU
,30-11-2019,,,,BT01,003446,,,,,001,ITEMS,1,4.24,5,4.24,0.76,5,,,,,,,NIU
,30-11-2019,,,,BT01,003447,,,,,001,ITEMS,1,53.90,63.6,53.90,9.70,63.6,,,,,,,NIU
,30-11-2019,,,,BT01,003448,,,,,001,ITEMS,1,5.08,6,5.08,0.92,6,,,,,,,NIU
,30-11-2019,,,,BT01,003449,,,,,001,ITEMS,1,3.39,4,3.39,0.61,4,,,,,,,NIU
,30-11-2019,,,,BT01,003450,,,,,001,ITEMS,1,3.39,4,3.39,0.61,4,,,,,,,NIU
,30-11-2019,,,,BT01,003451,,,,,001,ITEMS,1,2.97,3.5,2.97,0.53,3.5,,,,,,,NIU
,30-11-2019,,,,BT01,003452,,,,,001,ITEMS,1,6.78,8,6.78,1.22,8,,,,,,,NIU
,30-11-2019,,,,BT01,003453,,,,,001,ITEMS,1,5.08,6,5.08,0.92,6,,,,,,,NIU
,30-11-2019,,,,BT01,003454,,,,,001,ITEMS,1,1.69,2,1.69,0.31,2,,,,,,,NIU
,30-11-2019,,,,BT01,003455,,,,,001,ITEMS,1,2.29,2.7,2.29,0.41,2.7,,,,,,,NIU
,30-11-2019,,,,BT01,003456,,,,,001,ITEMS,1,2.71,3.2,2.71,0.49,3.2,,,,,,,NIU
,30-11-2019,,,,BT01,003457,,,,,001,ITEMS,1,2.54,3,2.54,0.46,3,,,,,,,NIU
,30-11-2019,,,,BT01,003458,,,,,001,ITEMS,1,5.51,6.5,5.51,0.99,6.5,,,,,,,NIU
,30-11-2019,,,,BT01,003459,,,,,001,ITEMS,1,10.93,12.9,10.93,1.97,12.9,,,,,,,NIU
,30-11-2019,,,,BT01,003460,,,,,001,ITEMS,1,2.20,2.6,2.20,0.40,2.6,,,,,,,NIU
,30-11-2019,,,,BT01,003461,,,,,001,ITEMS,1,9.92,11.7,9.92,1.78,11.7,,,,,,,NIU
,30-11-2019,,,,BT01,003462,,,,,001,ITEMS,1,2.20,2.6,2.20,0.40,2.6,,,,,,,NIU
,30-11-2019,,,,BT01,003463,,,,,001,ITEMS,1,1.95,2.3,1.95,0.35,2.3,,,,,,,NIU
,30-11-2019,,,,BT01,003464,,,,,001,ITEMS,1,1.69,2,1.69,0.31,2,,,,,,,NIU
,30-11-2019,,,,BT01,003465,,,,,001,ITEMS,1,5.34,6.3,5.34,0.96,6.3,,,,,,,NIU
,30-11-2019,,,,BT01,003466,,,,,001,ITEMS,1,21.86,25.8,21.86,3.94,25.8,,,,,,,NIU
,30-11-2019,,,,BT01,003467,,,,,001,ITEMS,1,1.69,2,1.69,0.31,2,,,,,,,NIU
,30-11-2019,,,,BT01,003468,,,,,001,ITEMS,1,0.85,1,0.85,0.15,1,,,,,,,NIU
,30-11-2019,,,,BT01,003469,,,,,001,ITEMS,1,1.69,2,1.69,0.31,2,,,,,,,NIU
,30-11-2019,,,,BT01,003470,,,,,001,ITEMS,1,10.34,12.2,10.34,1.86,12.2,,,,,,,NIU
,30-11-2019,,,,BT01,003471,,,,,001,ITEMS,1,24.15,28.5,24.15,4.35,28.5,,,,,,,NIU
,30-11-2019,,,,BT01,003472,,,,,001,ITEMS,1,0.25,0.3,0.25,0.05,0.3,,,,,,,NIU
,30-11-2019,,,,BT01,003473,,,,,001,ITEMS,1,5.25,6.2,5.25,0.95,6.2,,,,,,,NIU
,30-11-2019,,,,BT01,003474,,,,,001,ITEMS,1,4.66,5.5,4.66,0.84,5.5,,,,,,,NIU
,30-11-2019,,,,BT01,003475,,,,,001,ITEMS,1,3.56,4.2,3.56,0.64,4.2,,,,,,,NIU
,30-11-2019,,,,BT01,003476,,,,,001,ITEMS,1,0.68,0.8,0.68,0.12,0.8,,,,,,,NIU
,30-11-2019,,,,BT01,003477,,,,,001,ITEMS,1,3.39,4,3.39,0.61,4,,,,,,,NIU
,30-11-2019,,,,BT01,003478,,,,,001,ITEMS,1,2.37,2.8,2.37,0.43,2.8,,,,,,,NIU
,30-11-2019,,,,BT01,003479,,,,,001,ITEMS,1,1.69,2,1.69,0.31,2,,,,,,,NIU
,30-11-2019,,,,BT01,003480,,,,,001,ITEMS,1,3.22,3.8,3.22,0.58,3.8,,,,,,,NIU
,30-11-2019,,,,BT01,003481,,,,,001,ITEMS,1,0.85,1,0.85,0.15,1,,,,,,,NIU
,30-11-2019,,,,BT01,003482,,,,,001,ITEMS,1,17.88,21.1,17.88,3.22,21.1,,,,,,,NIU
,30-11-2019,,,,BT01,003483,,,,,001,ITEMS,1,1.69,2,1.69,0.31,2,,,,,,,NIU
,30-11-2019,,,,BT01,003484,,,,,001,ITEMS,1,1.02,1.2,1.02,0.18,1.2,,,,,,,NIU
,30-11-2019,,,,BT01,003485,,,,,001,ITEMS,1,4.58,5.4,4.58,0.82,5.4,,,,,,,NIU
,30-11-2019,,,,BT01,003486,,,,,001,ITEMS,1,2.54,3,2.54,0.46,3,,,,,,,NIU
,30-11-2019,,,,BT01,003487,,,,,001,ITEMS,1,0.08,0.1,0.08,0.02,0.1,,,,,,,NIU
,30-11-2019,,,,BT01,003488,,,,,001,ITEMS,1,0.42,0.5,0.42,0.08,0.5,,,,,,,NIU
,30-11-2019,,,,BT01,003489,,,,,001,ITEMS,1,0.85,1,0.85,0.15,1,,,,,,,NIU
,30-11-2019,,,,BT01,003490,,,,,001,ITEMS,1,5.08,6,5.08,0.92,6,,,,,,,NIU
,30-11-2019,,,,BT01,003491,,,,,001,ITEMS,1,2.29,2.7,2.29,0.41,2.7,,,,,,,NIU
,30-11-2019,,,,BT01,003492,,,,,001,ITEMS,1,10.93,12.9,10.93,1.97,12.9,,,,,,,NIU
,30-11-2019,,,,BT01,003493,,,,,001,ITEMS,1,6.53,7.7,6.53,1.17,7.7,,,,,,,NIU
,30-11-2019,,,,BT01,003494,,,,,001,ITEMS,1,1.10,1.3,1.10,0.20,1.3,,,,,,,NIU
,30-11-2019,,,,BT01,003495,,,,,001,ITEMS,1,10.00,11.8,10.00,1.80,11.8,,,,,,,NIU
,30-11-2019,,,,BT01,003496,,,,,001,ITEMS,1,1.69,2,1.69,0.31,2,,,,,,,NIU
,30-11-2019,,,,BT01,003497,,,,,001,ITEMS,1,3.39,4,3.39,0.61,4,,,,,,,NIU
,30-11-2019,,,,BT01,003498,,,,,001,ITEMS,1,0.85,1,0.85,0.15,1,,,,,,,NIU
,30-11-2019,,,,BT01,003499,,,,,001,ITEMS,1,8.05,9.5,8.05,1.45,9.5,,,,,,,NIU
,30-11-2019,,,,BT01,003500,,,,,001,ITEMS,1,1.69,2,1.69,0.31,2,,,,,,,NIU
,30-11-2019,,,,BT01,003501,,,,,001,ITEMS,1,1.69,2,1.69,0.31,2,,,,,,,NIU
,30-11-2019,,,,BT01,003502,,,,,001,ITEMS,1,7.29,8.6,7.29,1.31,8.6,,,,,,,NIU
,30-11-2019,,,,BT01,003503,,,,,001,ITEMS,1,3.39,4,3.39,0.61,4,,,,,,,NIU
,30-11-2019,,,,BT01,003504,,,,,001,ITEMS,1,-1.69,-2,-1.69,-0.31,-2,,,,,,,NIU
,30-11-2019,,,,BT01,003505,,,,,001,ITEMS,1,0.59,0.7,0.59,0.11,0.7,,,,,,,NIU
,30-11-2019,,,,BT01,003506,,,,,001,ITEMS,1,1.02,1.2,1.02,0.18,1.2,,,,,,,NIU
,30-11-2019,,,,BT01,003507,,,,,001,ITEMS,1,3.98,4.7,3.98,0.72,4.7,,,,,,,NIU
,30-11-2019,,,,BT01,003508,,,,,001,ITEMS,1,1.10,1.3,1.10,0.20,1.3,,,,,,,NIU
,30-11-2019,,,,BT01,003509,,,,,001,ITEMS,1,11.19,13.2,11.19,2.01,13.2,,,,,,,NIU
,30-11-2019,,,,BT01,003510,,,,,001,ITEMS,1,0.85,1,0.85,0.15,1,,,,,,,NIU
,30-11-2019,,,,BT01,003511,,,,,001,ITEMS,1,4.24,5,4.24,0.76,5,,,,,,,NIU
,30-11-2019,,,,BT01,003512,,,,,001,ITEMS,1,2.29,2.7,2.29,0.41,2.7,,,,,,,NIU
,30-11-2019,,,,BT01,003513,,,,,001,ITEMS,1,5.08,6,5.08,0.92,6,,,,,,,NIU
,30-11-2019,,,,BT01,003514,,,,,001,ITEMS,1,5.93,7,5.93,1.07,7,,,,,,,NIU
,30-11-2019,,,,BT01,003515,,,,,001,ITEMS,1,3.14,3.7,3.14,0.56,3.7,,,,,,,NIU
,30-11-2019,,,,BT01,003516,,,,,001,ITEMS,1,23.31,27.5,23.31,4.19,27.5,,,,,,,NIU
,30-11-2019,,,,BT01,003517,,,,,001,ITEMS,1,3.39,4,3.39,0.61,4,,,,,,,NIU
,30-11-2019,,,,BT01,003518,,,,,001,ITEMS,1,2.12,2.5,2.12,0.38,2.5,,,,,,,NIU
,30-11-2019,,,,BT01,003519,,,,,001,ITEMS,1,6.36,7.5,6.36,1.14,7.5,,,,,,,NIU
,30-11-2019,,,,BT01,003520,,,,,001,ITEMS,1,4.32,5.1,4.32,0.78,5.1,,,,,,,NIU
,30-11-2019,,,,BT01,003521,,,,,001,ITEMS,1,10.93,12.9,10.93,1.97,12.9,,,,,,,NIU
,30-11-2019,,,,BT01,003522,,,,,001,ITEMS,1,2.20,2.6,2.20,0.40,2.6,,,,,,,NIU
,30-11-2019,,,,BT01,003523,,,,,001,ITEMS,1,36.36,42.9,36.36,6.54,42.9,,,,,,,NIU
,30-11-2019,,,,BT01,003524,,,,,001,ITEMS,1,2.29,2.7,2.29,0.41,2.7,,,,,,,NIU
,30-11-2019,,,,BT01,003525,,,,,001,ITEMS,1,6.36,7.5,6.36,1.14,7.5,,,,,,,NIU
,30-11-2019,,,,BT01,003526,,,,,001,ITEMS,1,13.39,15.8,13.39,2.41,15.8,,,,,,,NIU
,30-11-2019,,,,BT01,003527,,,,,001,ITEMS,1,0.68,0.8,0.68,0.12,0.8,,,,,,,NIU
,30-11-2019,,,,BT01,003528,,,,,001,ITEMS,1,1.02,1.2,1.02,0.18,1.2,,,,,,,NIU
,30-11-2019,,,,BT01,003529,,,,,001,ITEMS,1,0.85,1,0.85,0.15,1,,,,,,,NIU
,30-11-2019,,,,BT01,003530,,,,,001,ITEMS,1,6.95,8.2,6.95,1.25,8.2,,,,,,,NIU
,30-11-2019,,,,BT01,003531,,,,,001,ITEMS,1,3.39,4,3.39,0.61,4,,,,,,,NIU
,30-11-2019,,,,BT01,003532,,,,,001,ITEMS,1,2.54,3,2.54,0.46,3,,,,,,,NIU
,30-11-2019,,,,BT01,003533,,,,,001,ITEMS,1,12.29,14.5,12.29,2.21,14.5,,,,,,,NIU
,30-11-2019,,,,BT01,003534,,,,,001,ITEMS,1,2.54,3,2.54,0.46,3,,,,,,,NIU
,30-11-2019,,,,BT01,003535,,,,,001,ITEMS,1,6.36,7.5,6.36,1.14,7.5,,,,,,,NIU
,30-11-2019,,,,BT01,003536,,,,,001,ITEMS,1,3.98,4.7,3.98,0.72,4.7,,,,,,,NIU
,30-11-2019,,,,BT01,003537,,,,,001,ITEMS,1,0.25,0.3,0.25,0.05,0.3,,,,,,,NIU
,30-11-2019,,,,BT01,003538,,,,,001,ITEMS,1,9.75,11.5,9.75,1.75,11.5,,,,,,,NIU
,30-11-2019,,,,BT01,003539,,,,,001,ITEMS,1,1.53,1.8,1.53,0.27,1.8,,,,,,,NIU
,30-11-2019,,,,BT01,003540,,,,,001,ITEMS,1,1.02,1.2,1.02,0.18,1.2,,,,,,,NIU
,30-11-2019,,,,BT01,003541,,,,,001,ITEMS,1,1.10,1.3,1.10,0.20,1.3,,,,,,,NIU
,30-11-2019,,,,BT01,003542,,,,,001,ITEMS,1,0.85,1,0.85,0.15,1,,,,,,,NIU
,30-11-2019,,,,BT01,003543,,,,,001,ITEMS,1,0.08,0.1,0.08,0.02,0.1,,,,,,,NIU
,30-11-2019,,,,BT01,003544,,,,,001,ITEMS,1,0.17,0.2,0.17,0.03,0.2,,,,,,,NIU
,30-11-2019,,,,BT01,003545,,,,,001,ITEMS,1,8.22,9.7,8.22,1.48,9.7,,,,,,,NIU
,30-11-2019,,,,BT01,003546,,,,,001,ITEMS,1,2.46,2.9,2.46,0.44,2.9,,,,,,,NIU
,30-11-2019,,,,BT01,003547,,,,,001,ITEMS,1,10.93,12.9,10.93,1.97,12.9,,,,,,,NIU
,30-11-2019,,,,BT01,003548,,,,,001,ITEMS,1,4.41,5.2,4.41,0.79,5.2,,,,,,,NIU
,30-11-2019,,,,BT01,003549,,,,,001,ITEMS,1,9.66,11.4,9.66,1.74,11.4,,,,,,,NIU
,30-11-2019,,,,BT01,003550,,,,,001,ITEMS,1,16.44,19.4,16.44,2.96,19.4,,,,,,,NIU
,30-11-2019,,,,BT01,003551,,,,,001,ITEMS,1,0.85,1,0.85,0.15,1,,,,,,,NIU
,30-11-2019,,,,BT01,003552,,,,,001,ITEMS,1,4.24,5,4.24,0.76,5,,,,,,,NIU
,30-11-2019,,,,BT01,003553,,,,,001,ITEMS,1,16.27,19.2,16.27,2.93,19.2,,,,,,,NIU
,30-11-2019,,,,BT01,003554,,,,,001,ITEMS,1,4.66,5.5,4.66,0.84,5.5,,,,,,,NIU
,30-11-2019,,,,BT01,003555,,,,,001,ITEMS,1,1.10,1.3,1.10,0.20,1.3,,,,,,,NIU
,30-11-2019,,,,BT01,003556,,,,,001,ITEMS,1,6.36,7.5,6.36,1.14,7.5,,,,,,,NIU
,30-11-2019,,,,BT01,003557,,,,,001,ITEMS,1,5.08,6,5.08,0.92,6,,,,,,,NIU
,30-11-2019,,,,BT01,003558,,,,,001,ITEMS,1,1.10,1.3,1.10,0.20,1.3,,,,,,,NIU
,30-11-2019,,,,BT01,003559,,,,,001,ITEMS,1,0.85,1,0.85,0.15,1,,,,,,,NIU
,30-11-2019,,,,BT01,003560,,,,,001,ITEMS,1,2.37,2.8,2.37,0.43,2.8,,,,,,,NIU
,30-11-2019,,,,BT01,003561,,,,,001,ITEMS,1,6.36,7.5,6.36,1.14,7.5,,,,,,,NIU
,30-11-2019,,,,BT01,003562,,,,,001,ITEMS,1,2.54,3,2.54,0.46,3,,,,,,,NIU
,30-11-2019,,,,BT01,003563,,,,,001,ITEMS,1,10.93,12.9,10.93,1.97,12.9,,,,,,,NIU
,30-11-2019,,,,BT01,003564,,,,,001,ITEMS,1,1.53,1.8,1.53,0.27,1.8,,,,,,,NIU
,30-11-2019,,,,BT01,003565,,,,,001,ITEMS,1,6.78,8,6.78,1.22,8,,,,,,,NIU
,30-11-2019,,,,BT01,003566,,,,,001,ITEMS,1,1.10,1.3,1.10,0.20,1.3,,,,,,,NIU
,30-11-2019,,,,BT01,003567,,,,,001,ITEMS,1,1.86,2.2,1.86,0.34,2.2,,,,,,,NIU
,30-11-2019,,,,BT01,003568,,,,,001,ITEMS,1,5.00,5.9,5.00,0.90,5.9,,,,,,,NIU
,30-11-2019,,,,BT01,003569,,,,,001,ITEMS,1,2.12,2.5,2.12,0.38,2.5,,,,,,,NIU
,30-11-2019,,,,BT01,003570,,,,,001,ITEMS,1,2.54,3,2.54,0.46,3,,,,,,,NIU
,30-11-2019,,,,BT01,003571,,,,,001,ITEMS,1,0.85,1,0.85,0.15,1,,,,,,,NIU
,30-11-2019,,,,BT01,003572,,,,,001,ITEMS,1,0.17,0.2,0.17,0.03,0.2,,,,,,,NIU
,30-11-2019,,,,BT01,003573,,,,,001,ITEMS,1,1.27,1.5,1.27,0.23,1.5,,,,,,,NIU
,30-11-2019,,,,BT01,003574,,,,,001,ITEMS,1,5.51,6.5,5.51,0.99,6.5,,,,,,,NIU
,30-11-2019,,,,BT01,003575,,,,,001,ITEMS,1,4.83,5.7,4.83,0.87,5.7,,,,,,,NIU
,30-11-2019,,,,BT01,003576,,,,,001,ITEMS,1,2.12,2.5,2.12,0.38,2.5,,,,,,,NIU
,30-11-2019,,,,BT01,003577,,,,,001,ITEMS,1,16.95,20,16.95,3.05,20,,,,,,,NIU
,30-11-2019,,,,BT01,003578,,,,,001,ITEMS,1,0.85,1,0.85,0.15,1,,,,,,,NIU
,30-11-2019,,,,BT01,003579,,,,,001,ITEMS,1,10.93,12.9,10.93,1.97,12.9,,,,,,,NIU
,30-11-2019,,,,BT01,003580,,,,,001,ITEMS,1,2.46,2.9,2.46,0.44,2.9,,,,,,,NIU
,30-11-2019,,,,BT01,003581,,,,,001,ITEMS,1,4.92,5.8,4.92,0.88,5.8,,,,,,,NIU
,30-11-2019,,,,BT01,003582,,,,,001,ITEMS,1,5.93,7,5.93,1.07,7,,,,,,,NIU
,30-11-2019,,,,BT01,003583,,,,,001,ITEMS,1,2.97,3.5,2.97,0.53,3.5,,,,,,,NIU
,30-11-2019,,,,BT01,003584,,,,,001,ITEMS,1,8.90,10.5,8.90,1.60,10.5,,,,,,,NIU
,30-11-2019,,,,BT01,003585,,,,,001,ITEMS,1,0.59,0.7,0.59,0.11,0.7,,,,,,,NIU
,30-11-2019,,,,BT01,003586,,,,,001,ITEMS,1,1.02,1.2,1.02,0.18,1.2,,,,,,,NIU
,30-11-2019,,,,BT01,003587,,,,,001,ITEMS,1,1.69,2,1.69,0.31,2,,,,,,,NIU
,30-11-2019,,,,BT01,003588,,,,,001,ITEMS,1,0.85,1,0.85,0.15,1,,,,,,,NIU
,30-11-2019,,,,BT01,003589,,,,,001,ITEMS,1,1.27,1.5,1.27,0.23,1.5,,,,,,,NIU
,30-11-2019,,,,BT01,003590,,,,,001,ITEMS,1,1.27,1.5,1.27,0.23,1.5,,,,,,,NIU
,30-11-2019,,,,BT01,003591,,,,,001,ITEMS,1,1.86,2.2,1.86,0.34,2.2,,,,,,,NIU
,30-11-2019,,,,BT01,003592,,,,,001,ITEMS,1,1.02,1.2,1.02,0.18,1.2,,,,,,,NIU
,30-11-2019,,,,BT01,003593,,,,,001,ITEMS,1,25.34,29.9,25.34,4.56,29.9,,,,,,,NIU
,30-11-2019,,,,BT01,003594,,,,,001,ITEMS,1,54.92,64.8,54.92,9.88,64.8,,,,,,,NIU
,30-11-2019,,,,BT01,003595,,,,,001,ITEMS,1,3.05,3.6,3.05,0.55,3.6,,,,,,,NIU
,30-11-2019,,,,BT01,003596,,,,,001,ITEMS,1,2.29,2.7,2.29,0.41,2.7,,,,,,,NIU
,30-11-2019,,,,BT01,003597,,,,,001,ITEMS,1,7.63,9,7.63,1.37,9,,,,,,,NIU
,30-11-2019,,,,BT01,003598,,,,,001,ITEMS,1,1.02,1.2,1.02,0.18,1.2,,,,,,,NIU
,30-11-2019,,,,BT01,003599,,,,,001,ITEMS,1,2.20,2.6,2.20,0.40,2.6,,,,,,,NIU
,30-11-2019,,,,BT01,003600,,,,,001,ITEMS,1,12.37,14.6,12.37,2.23,14.6,,,,,,,NIU
,30-11-2019,,,,BT01,003601,,,,,001,ITEMS,1,13.31,15.7,13.31,2.39,15.7,,,,,,,NIU
,30-11-2019,,,,BT01,003602,,,,,001,ITEMS,1,40.68,48,40.68,7.32,48,,,,,,,NIU
,30-11-2019,,,,BT01,003603,,,,,001,ITEMS,1,1.10,1.3,1.10,0.20,1.3,,,,,,,NIU
,30-11-2019,,,,BT01,003604,,,,,001,ITEMS,1,5.51,6.5,5.51,0.99,6.5,,,,,,,NIU
,30-11-2019,,,,BT01,003605,,,,,001,ITEMS,1,4.24,5,4.24,0.76,5,,,,,,,NIU
,30-11-2019,,,,BT01,003606,,,,,001,ITEMS,1,10.85,12.8,10.85,1.95,12.8,,,,,,,NIU
,30-11-2019,,,,BT01,003607,,,,,001,ITEMS,1,1.69,2,1.69,0.31,2,,,,,,,NIU
,30-11-2019,,,,BT01,003608,,,,,001,ITEMS,1,4.24,5,4.24,0.76,5,,,,,,,NIU
,30-11-2019,,,,BT01,003609,,,,,001,ITEMS,1,3.98,4.7,3.98,0.72,4.7,,,,,,,NIU
,30-11-2019,,,,BT01,003610,,,,,001,ITEMS,1,2.12,2.5,2.12,0.38,2.5,,,,,,,NIU
,30-11-2019,,,,BT01,003611,,,,,001,ITEMS,1,24.32,28.7,24.32,4.38,28.7,,,,,,,NIU
,30-11-2019,,,,BT01,003612,,,,,001,ITEMS,1,15.42,18.2,15.42,2.78,18.2,,,,,,,NIU
,30-11-2019,,,,BT01,003613,,,,,001,ITEMS,1,4.66,5.5,4.66,0.84,5.5,,,,,,,NIU
,30-11-2019,,,,BT01,003614,,,,,001,ITEMS,1,0.85,1,0.85,0.15,1,,,,,,,NIU
,30-11-2019,,,,BT01,003615,,,,,001,ITEMS,1,6.69,7.9,6.69,1.21,7.9,,,,,,,NIU
,30-11-2019,,,,BT01,003616,,,,,001,ITEMS,1,2.54,3,2.54,0.46,3,,,,,,,NIU
,30-11-2019,,,,BT01,003617,,,,,001,ITEMS,1,4.24,5,4.24,0.76,5,,,,,,,NIU
,30-11-2019,,,,BT01,003618,,,,,001,ITEMS,1,2.97,3.5,2.97,0.53,3.5,,,,,,,NIU
,30-11-2019,,,,BT01,003619,,,,,001,ITEMS,1,0.42,0.5,0.42,0.08,0.5,,,,,,,NIU
,30-11-2019,,,,BT01,003620,,,,,001,ITEMS,1,1.02,1.2,1.02,0.18,1.2,,,,,,,NIU
,30-11-2019,,,,BT01,003621,,,,,001,ITEMS,1,1.53,1.8,1.53,0.27,1.8,,,,,,,NIU
,30-11-2019,,,,BT01,003622,,,,,001,ITEMS,1,1.69,2,1.69,0.31,2,,,,,,,NIU
,30-11-2019,,,,BT01,003623,,,,,001,ITEMS,1,5.51,6.5,5.51,0.99,6.5,,,,,,,NIU
,30-11-2019,,,,BT01,003624,,,,,001,ITEMS,1,4.58,5.4,4.58,0.82,5.4,,,,,,,NIU
,30-11-2019,,,,BT01,003625,,,,,001,ITEMS,1,8.05,9.5,8.05,1.45,9.5,,,,,,,NIU
,30-11-2019,,,,BT01,003626,,,,,001,ITEMS,1,1.86,2.2,1.86,0.34,2.2,,,,,,,NIU
,30-11-2019,,,,BT01,003627,,,,,001,ITEMS,1,8.90,10.5,8.90,1.60,10.5,,,,,,,NIU
,30-11-2019,,,,BT01,003628,,,,,001,ITEMS,1,8.90,10.5,8.90,1.60,10.5,,,,,,,NIU
,30-11-2019,,,,BT01,003629,,,,,001,ITEMS,1,2.29,2.7,2.29,0.41,2.7,,,,,,,NIU
,30-11-2019,,,,BT01,003630,,,,,001,ITEMS,1,5.08,6,5.08,0.92,6,,,,,,,NIU
,30-11-2019,,,,BT01,003631,,,,,001,ITEMS,1,2.54,3,2.54,0.46,3,,,,,,,NIU
,30-11-2019,,,,BT01,003632,,,,,001,ITEMS,1,5.85,6.9,5.85,1.05,6.9,,,,,,,NIU
,30-11-2019,,,,BT01,003633,,,,,001,ITEMS,1,8.90,10.5,8.90,1.60,10.5,,,,,,,NIU
,30-11-2019,,,,BT01,003634,,,,,001,ITEMS,1,26.44,31.2,26.44,4.76,31.2,,,,,,,NIU
,30-11-2019,,,,BT01,003635,,,,,001,ITEMS,1,21.86,25.8,21.86,3.94,25.8,,,,,,,NIU
,30-11-2019,,,,BT01,003636,,,,,001,ITEMS,1,0.85,1,0.85,0.15,1,,,,,,,NIU
,30-11-2019,,,,BT01,003637,,,,,001,ITEMS,1,1.61,1.9,1.61,0.29,1.9,,,,,,,NIU
,30-11-2019,,,,BT01,003638,,,,,001,ITEMS,1,-21.86,-25.8,-21.86,-3.94,-25.8,,,,,,,NIU
,30-11-2019,,,,BT01,003639,,,,,001,ITEMS,1,3.05,3.6,3.05,0.55,3.6,,,,,,,NIU
,30-11-2019,,,,BT01,003640,,,,,001,ITEMS,1,12.71,15,12.71,2.29,15,,,,,,,NIU
,30-11-2019,,,,BT01,003641,,,,,001,ITEMS,1,1.61,1.9,1.61,0.29,1.9,,,,,,,NIU
,30-11-2019,,,,BT01,003642,,,,,001,ITEMS,1,69.66,82.2,69.66,12.54,82.2,,,,,,,NIU
,30-11-2019,,,,BT01,003643,,,,,001,ITEMS,1,1.86,2.2,1.86,0.34,2.2,,,,,,,NIU
,30-11-2019,,,,BT01,003644,,,,,001,ITEMS,1,0.85,1,0.85,0.15,1,,,,,,,NIU
,30-11-2019,,,,BT01,003645,,,,,001,ITEMS,1,100.42,118.5,100.42,18.08,118.5,,,,,,,NIU
,30-11-2019,,,,BT01,003646,,,,,001,ITEMS,1,3.81,4.5,3.81,0.69,4.5,,,,,,,NIU
,30-11-2019,,,,BT01,003647,,,,,001,ITEMS,1,2.54,3,2.54,0.46,3,,,,,,,NIU
,30-11-2019,,,,BT01,003648,,,,,001,ITEMS,1,13.98,16.5,13.98,2.52,16.5,,,,,,,NIU
,30-11-2019,,,,BT01,003649,,,,,001,ITEMS,1,1.86,2.2,1.86,0.34,2.2,,,,,,,NIU
,30-11-2019,,,,BT01,003650,,,,,001,ITEMS,1,111.78,131.9,111.78,20.12,131.9,,,,,,,NIU
,30-11-2019,,,,BT01,003651,,,,,001,ITEMS,1,1.27,1.5,1.27,0.23,1.5,,,,,,,NIU
,30-11-2019,,,,BT01,003652,,,,,001,ITEMS,1,1.69,2,1.69,0.31,2,,,,,,,NIU
,30-11-2019,,,,BT01,003653,,,,,001,ITEMS,1,11.95,14.1,11.95,2.15,14.1,,,,,,,NIU
,30-11-2019,,,,BT01,003654,,,,,001,ITEMS,1,10.76,12.7,10.76,1.94,12.7,,,,,,,NIU
,30-11-2019,,,,BT01,003655,,,,,001,ITEMS,1,1.27,1.5,1.27,0.23,1.5,,,,,,,NIU
,30-11-2019,,,,BT01,003656,,,,,001,ITEMS,1,1.69,2,1.69,0.31,2,,,,,,,NIU
,30-11-2019,,,,BT01,003657,,,,,001,ITEMS,1,1.69,2,1.69,0.31,2,,,,,,,NIU
,30-11-2019,,,,BT01,003658,,,,,001,ITEMS,1,4.41,5.2,4.41,0.79,5.2,,,,,,,NIU
,30-11-2019,,,,BT01,003659,,,,,001,ITEMS,1,20.42,24.1,20.42,3.68,24.1,,,,,,,NIU
,30-11-2019,,,,BT01,003660,,,,,001,ITEMS,1,2.12,2.5,2.12,0.38,2.5,,,,,,,NIU
,30-11-2019,,,,BT01,003661,,,,,001,ITEMS,1,4.66,5.5,4.66,0.84,5.5,,,,,,,NIU
,30-11-2019,,,,BT01,003662,,,,,001,ITEMS,1,0.85,1,0.85,0.15,1,,,,,,,NIU
,30-11-2019,,,,BT01,003663,,,,,001,ITEMS,1,3.14,3.7,3.14,0.56,3.7,,,,,,,NIU
,30-11-2019,,,,BT01,003664,,,,,001,ITEMS,1,9.66,11.4,9.66,1.74,11.4,,,,,,,NIU
,30-11-2019,,,,BT01,003665,,,,,001,ITEMS,1,0.85,1,0.85,0.15,1,,,,,,,NIU
,30-11-2019,,,,BT01,003666,,,,,001,ITEMS,1,0.85,1,0.85,0.15,1,,,,,,,NIU
,30-11-2019,,,,BT01,003667,,,,,001,ITEMS,1,-10.93,-12.9,-10.93,-1.97,-12.9,,,,,,,NIU
,30-11-2019,,,,BT01,003668,,,,,001,ITEMS,1,7.20,8.5,7.20,1.30,8.5,,,,,,,NIU
,30-11-2019,,,,BT01,003669,,,,,001,ITEMS,1,6.36,7.5,6.36,1.14,7.5,,,,,,,NIU
,30-11-2019,,,,BT01,003670,,,,,001,ITEMS,1,11.78,13.9,11.78,2.12,13.9,,,,,,,NIU
,30-11-2019,,,,BT01,003671,,,,,001,ITEMS,1,2.54,3,2.54,0.46,3,,,,,,,NIU
,30-11-2019,,,,BT01,003672,,,,,001,ITEMS,1,7.63,9,7.63,1.37,9,,,,,,,NIU
,30-11-2019,,,,BT01,003673,,,,,001,ITEMS,1,4.07,4.8,4.07,0.73,4.8,,,,,,,NIU
,30-11-2019,,,,BT01,003674,,,,,001,ITEMS,1,10.93,12.9,10.93,1.97,12.9,,,,,,,NIU
,30-11-2019,,,,BT01,003675,,,,,001,ITEMS,1,2.37,2.8,2.37,0.43,2.8,,,,,,,NIU
,30-11-2019,,,,BT01,003676,,,,,001,ITEMS,1,1.10,1.3,1.10,0.20,1.3,,,,,,,NIU
,30-11-2019,,,,BT01,003677,,,,,001,ITEMS,1,11.78,13.9,11.78,2.12,13.9,,,,,,,NIU
,30-11-2019,,,,BT01,003678,,,,,001,ITEMS,1,1.02,1.2,1.02,0.18,1.2,,,,,,,NIU
,30-11-2019,,,,BT01,003679,,,,,001,ITEMS,1,3.73,4.4,3.73,0.67,4.4,,,,,,,NIU
,30-11-2019,,,,BT01,003680,,,,,001,ITEMS,1,2.88,3.4,2.88,0.52,3.4,,,,,,,NIU
,30-11-2019,,,,BT01,003681,,,,,001,ITEMS,1,0.17,0.2,0.17,0.03,0.2,,,,,,,NIU
,30-11-2019,,,,BT01,003682,,,,,001,ITEMS,1,1.44,1.7,1.44,0.26,1.7,,,,,,,NIU
,30-11-2019,,,,BT01,003683,,,,,001,ITEMS,1,2.54,3,2.54,0.46,3,,,,,,,NIU
,30-11-2019,,,,BT01,003684,,,,,001,ITEMS,1,0.17,0.2,0.17,0.03,0.2,,,,,,,NIU
,30-11-2019,,,,BT01,003685,,,,,001,ITEMS,1,7.63,9,7.63,1.37,9,,,,,,,NIU
,30-11-2019,,,,BT01,003686,,,,,001,ITEMS,1,1.10,1.3,1.10,0.20,1.3,,,,,,,NIU
,30-11-2019,,,,BT01,003687,,,,,001,ITEMS,1,0.08,0.1,0.08,0.02,0.1,,,,,,,NIU
,30-11-2019,,,,BT01,003688,,,,,001,ITEMS,1,7.54,8.9,7.54,1.36,8.9,,,,,,,NIU
,30-11-2019,,,,BT01,003689,,,,,001,ITEMS,1,3.05,3.6,3.05,0.55,3.6,,,,,,,NIU
,30-11-2019,,,,BT01,003690,,,,,001,ITEMS,1,1.69,2,1.69,0.31,2,,,,,,,NIU
,30-11-2019,,,,BT01,003691,,,,,001,ITEMS,1,1.27,1.5,1.27,0.23,1.5,,,,,,,NIU
,30-11-2019,,,,BT01,003692,,,,,001,ITEMS,1,1.27,1.5,1.27,0.23,1.5,,,,,,,NIU
,30-11-2019,,,,BT01,003693,,,,,001,ITEMS,1,3.05,3.6,3.05,0.55,3.6,,,,,,,NIU
,30-11-2019,,,,BT01,003694,,,,,001,ITEMS,1,14.41,17,14.41,2.59,17,,,,,,,NIU
,30-11-2019,,,,BT01,003695,,,,,001,ITEMS,1,7.03,8.3,7.03,1.27,8.3,,,,,,,NIU
,30-11-2019,,,,BT01,003696,,,,,001,ITEMS,1,11.78,13.9,11.78,2.12,13.9,,,,,,,NIU
,30-11-2019,,,,BT01,003697,,,,,001,ITEMS,1,1.69,2,1.69,0.31,2,,,,,,,NIU
,30-11-2019,,,,BT01,003698,,,,,001,ITEMS,1,2.03,2.4,2.03,0.37,2.4,,,,,,,NIU
,30-11-2019,,,,BT01,003699,,,,,001,ITEMS,1,1.86,2.2,1.86,0.34,2.2,,,,,,,NIU
,30-11-2019,,,,BT01,003700,,,,,001,ITEMS,1,1.69,2,1.69,0.31,2,,,,,,,NIU
,30-11-2019,,,,BT01,003701,,,,,001,ITEMS,1,2.12,2.5,2.12,0.38,2.5,,,,,,,NIU
,30-11-2019,,,,BT01,003702,,,,,001,ITEMS,1,0.85,1,0.85,0.15,1,,,,,,,NIU
,30-11-2019,,,,BT01,003703,,,,,001,ITEMS,1,0.85,1,0.85,0.15,1,,,,,,,NIU
,30-11-2019,,,,BT01,003704,,,,,001,ITEMS,1,1.02,1.2,1.02,0.18,1.2,,,,,,,NIU
,30-11-2019,,,,BT01,003705,,,,,001,ITEMS,1,1.69,2,1.69,0.31,2,,,,,,,NIU
,30-11-2019,,,,BT01,003706,,,,,001,ITEMS,1,32.20,38,32.20,5.80,38,,,,,,,NIU
,30-11-2019,,,,BT01,003707,,,,,001,ITEMS,1,0.42,0.5,0.42,0.08,0.5,,,,,,,NIU
,30-11-2019,,,,BT01,003708,,,,,001,ITEMS,1,32.80,38.7,32.80,5.90,38.7,,,,,,,NIU
,30-11-2019,,,,BT01,003709,,,,,001,ITEMS,1,8.14,9.6,8.14,1.46,9.6,,,,,,,NIU
,30-11-2019,,,,BT01,003710,,,,,001,ITEMS,1,0.85,1,0.85,0.15,1,,,,,,,NIU
,30-11-2019,,,,BT01,003711,,,,,001,ITEMS,1,0.85,1,0.85,0.15,1,,,,,,,NIU
,30-11-2019,,,,BT01,003712,,,,,001,ITEMS,1,0.17,0.2,0.17,0.03,0.2,,,,,,,NIU
,30-11-2019,,,,BT01,003713,,,,,001,ITEMS,1,0.85,1,0.85,0.15,1,,,,,,,NIU
,30-11-2019,,,,BT01,003714,,,,,001,ITEMS,1,1.86,2.2,1.86,0.34,2.2,,,,,,,NIU
,30-11-2019,,,,BT01,003715,,,,,001,ITEMS,1,3.56,4.2,3.56,0.64,4.2,,,,,,,NIU
,30-11-2019,,,,BT01,003716,,,,,001,ITEMS,1,0.25,0.3,0.25,0.05,0.3,,,,,,,NIU
,30-11-2019,,,,BT01,003717,,,,,001,ITEMS,1,13.31,15.7,13.31,2.39,15.7,,,,,,,NIU
,30-11-2019,,,,BT01,003718,,,,,001,ITEMS,1,5.51,6.5,5.51,0.99,6.5,,,,,,,NIU
,30-11-2019,,,,BT01,003719,,,,,001,ITEMS,1,1.86,2.2,1.86,0.34,2.2,,,,,,,NIU
,30-11-2019,,,,BT01,003720,,,,,001,ITEMS,1,0.51,0.6,0.51,0.09,0.6,,,,,,,NIU
,30-11-2019,,,,BT01,003721,,,,,001,ITEMS,1,0.51,0.6,0.51,0.09,0.6,,,,,,,NIU
,30-11-2019,,,,BT01,003722,,,,,001,ITEMS,1,21.86,25.8,21.86,3.94,25.8,,,,,,,NIU
,30-11-2019,,,,BT01,003723,,,,,001,ITEMS,1,2.37,2.8,2.37,0.43,2.8,,,,,,,NIU
,30-11-2019,,,,BT01,003724,,,,,001,ITEMS,1,1.27,1.5,1.27,0.23,1.5,,,,,,,NIU
,30-11-2019,,,,BT01,003725,,,,,001,ITEMS,1,3.39,4,3.39,0.61,4,,,,,,,NIU
,30-11-2019,,,,BT01,003726,,,,,001,ITEMS,1,7.97,9.4,7.97,1.43,9.4,,,,,,,NIU
,30-11-2019,,,,BT01,003727,,,,,001,ITEMS,1,6.10,7.2,6.10,1.10,7.2,,,,,,,NIU
,30-11-2019,,,,BT01,003728,,,,,001,ITEMS,1,1.27,1.5,1.27,0.23,1.5,,,,,,,NIU
,30-11-2019,,,,BT01,003729,,,,,001,ITEMS,1,0.93,1.1,0.93,0.17,1.1,,,,,,,NIU
,30-11-2019,,,,BT01,003730,,,,,001,ITEMS,1,1.69,2,1.69,0.31,2,,,,,,,NIU
,30-11-2019,,,,BT01,003731,,,,,001,ITEMS,1,3.73,4.4,3.73,0.67,4.4,,,,,,,NIU
,30-11-2019,,,,BT01,003732,,,,,001,ITEMS,1,3.39,4,3.39,0.61,4,,,,,,,NIU
,30-11-2019,,,,BT01,003733,,,,,001,ITEMS,1,5.25,6.2,5.25,0.95,6.2,,,,,,,NIU
,30-11-2019,,,,BT01,003734,,,,,001,ITEMS,1,2.12,2.5,2.12,0.38,2.5,,,,,,,NIU
,30-11-2019,,,,BT01,003735,,,,,001,ITEMS,1,4.83,5.7,4.83,0.87,5.7,,,,,,,NIU
,30-11-2019,,,,BT01,003736,,,,,001,ITEMS,1,2.12,2.5,2.12,0.38,2.5,,,,,,,NIU
,30-11-2019,,,,BT01,003737,,,,,001,ITEMS,1,1.53,1.8,1.53,0.27,1.8,,,,,,,NIU
,30-11-2019,,,,BT01,003738,,,,,001,ITEMS,1,10.93,12.9,10.93,1.97,12.9,,,,,,,NIU
,30-11-2019,,,,BT01,003739,,,,,001,ITEMS,1,1.86,2.2,1.86,0.34,2.2,,,,,,,NIU
,30-11-2019,,,,BT01,003740,,,,,001,ITEMS,1,1.10,1.3,1.10,0.20,1.3,,,,,,,NIU
,30-11-2019,,,,BT01,003741,,,,,001,ITEMS,1,2.71,3.2,2.71,0.49,3.2,,,,,,,NIU
,30-11-2019,,,,BT01,003742,,,,,001,ITEMS,1,1.86,2.2,1.86,0.34,2.2,,,,,,,NIU
,30-11-2019,,,,BT01,003743,,,,,001,ITEMS,1,1.95,2.3,1.95,0.35,2.3,,,,,,,NIU
,30-11-2019,,,,BT01,003744,,,,,001,ITEMS,1,0.85,1,0.85,0.15,1,,,,,,,NIU
,30-11-2019,,,,BT01,003745,,,,,001,ITEMS,1,0.85,1,0.85,0.15,1,,,,,,,NIU
,30-11-2019,,,,BT01,003746,,,,,001,ITEMS,1,0.42,0.5,0.42,0.08,0.5,,,,,,,NIU
,30-11-2019,,,,BT01,003747,,,,,001,ITEMS,1,7.20,8.5,7.20,1.30,8.5,,,,,,,NIU
,30-11-2019,,,,BT01,003748,,,,,001,ITEMS,1,0.17,0.2,0.17,0.03,0.2,,,,,,,NIU
,30-11-2019,,,,BT01,003749,,,,,001,ITEMS,1,1.10,1.3,1.10,0.20,1.3,,,,,,,NIU
,30-11-2019,,,,BT01,003750,,,,,001,ITEMS,1,7.63,9,7.63,1.37,9,,,,,,,NIU
,30-11-2019,,,,BT01,003751,,,,,001,ITEMS,1,0.85,1,0.85,0.15,1,,,,,,,NIU
,30-11-2019,,,,BT01,003752,,,,,001,ITEMS,1,0.85,1,0.85,0.15,1,,,,,,,NIU
,30-11-2019,,,,BT01,003753,,,,,001,ITEMS,1,1.69,2,1.69,0.31,2,,,,,,,NIU
,30-11-2019,,,,BT01,003754,,,,,001,ITEMS,1,1.44,1.7,1.44,0.26,1.7,,,,,,,NIU
,30-11-2019,,,,BT01,003755,,,,,001,ITEMS,1,1.02,1.2,1.02,0.18,1.2,,,,,,,NIU
,30-11-2019,,,,BT01,003756,,,,,001,ITEMS,1,0.25,0.3,0.25,0.05,0.3,,,,,,,NIU
,30-11-2019,,,,BT01,003757,,,,,001,ITEMS,1,1.69,2,1.69,0.31,2,,,,,,,NIU
,30-11-2019,,,,BT01,003758,,,,,001,ITEMS,1,0.17,0.2,0.17,0.03,0.2,,,,,,,NIU
,30-11-2019,,,,BT01,003759,,,,,001,ITEMS,1,7.37,8.7,7.37,1.33,8.7,,,,,,,NIU
,30-11-2019,,,,BT01,003760,,,,,001,ITEMS,1,1.53,1.8,1.53,0.27,1.8,,,,,,,NIU
,30-11-2019,,,,BT01,003761,,,,,001,ITEMS,1,2.29,2.7,2.29,0.41,2.7,,,,,,,NIU
,30-11-2019,,,,BT01,003762,,,,,001,ITEMS,1,3.73,4.4,3.73,0.67,4.4,,,,,,,NIU
,30-11-2019,,,,BT01,003763,,,,,001,ITEMS,1,1.44,1.7,1.44,0.26,1.7,,,,,,,NIU
,30-11-2019,,,,BT01,003764,,,,,001,ITEMS,1,4.07,4.8,4.07,0.73,4.8,,,,,,,NIU
,30-11-2019,,,,BT01,003765,,,,,001,ITEMS,1,0.85,1,0.85,0.15,1,,,,,,,NIU
,30-11-2019,,,,BT01,003766,,,,,001,ITEMS,1,3.31,3.9,3.31,0.59,3.9,,,,,,,NIU
,30-11-2019,,,,BT01,003767,,,,,001,ITEMS,1,1.02,1.2,1.02,0.18,1.2,,,,,,,NIU
,30-11-2019,,,,BT01,003768,,,,,001,ITEMS,1,0.85,1,0.85,0.15,1,,,,,,,NIU
,30-11-2019,,,,BT01,003769,,,,,001,ITEMS,1,4.83,5.7,4.83,0.87,5.7,,,,,,,NIU
,30-11-2019,,,,BT01,003770,,,,,001,ITEMS,1,2.12,2.5,2.12,0.38,2.5,,,,,,,NIU
,30-11-2019,,,,BT01,003771,,,,,001,ITEMS,1,0.17,0.2,0.17,0.03,0.2,,,,,,,NIU
,30-11-2019,,,,BT01,003772,,,,,001,ITEMS,1,2.71,3.2,2.71,0.49,3.2,,,,,,,NIU
,30-11-2019,,,,BT01,003773,,,,,001,ITEMS,1,3.39,4,3.39,0.61,4,,,,,,,NIU
,30-11-2019,,,,BT01,003774,,,,,001,ITEMS,1,5.08,6,5.08,0.92,6,,,,,,,NIU
,30-11-2019,,,,BT01,003775,,,,,001,ITEMS,1,5.42,6.4,5.42,0.98,6.4,,,,,,,NIU
,30-11-2019,,,,BT01,003776,,,,,001,ITEMS,1,0.85,1,0.85,0.15,1,,,,,,,NIU
,30-11-2019,,,,BT01,003777,,,,,001,ITEMS,1,2.54,3,2.54,0.46,3,,,,,,,NIU
,30-11-2019,,,,BT01,003778,,,,,001,ITEMS,1,4.15,4.9,4.15,0.75,4.9,,,,,,,NIU
,30-11-2019,,,,BT01,003779,,,,,001,ITEMS,1,4.92,5.8,4.92,0.88,5.8,,,,,,,NIU
,30-11-2019,,,,BT01,003780,,,,,001,ITEMS,1,5.08,6,5.08,0.92,6,,,,,,,NIU
,30-11-2019,,,,BT01,003781,,,,,001,ITEMS,1,1.02,1.2,1.02,0.18,1.2,,,,,,,NIU
,30-11-2019,,,,BT01,003782,,,,,001,ITEMS,1,19.58,23.1,19.58,3.52,23.1,,,,,,,NIU
,30-11-2019,,,,BT01,003783,,,,,001,ITEMS,1,1.86,2.2,1.86,0.34,2.2,,,,,,,NIU
,30-11-2019,,,,BT01,003784,,,,,001,ITEMS,1,2.54,3,2.54,0.46,3,,,,,,,NIU
,30-11-2019,,,,BT01,003785,,,,,001,ITEMS,1,6.86,8.1,6.86,1.24,8.1,,,,,,,NIU
,30-11-2019,,,,BT01,003786,,,,,001,ITEMS,1,1.02,1.2,1.02,0.18,1.2,,,,,,,NIU
,30-11-2019,,,,BT01,003787,,,,,001,ITEMS,1,1.53,1.8,1.53,0.27,1.8,,,,,,,NIU
,30-11-2019,,,,BT01,003788,,,,,001,ITEMS,1,-6.53,-7.7,-6.53,-1.17,-7.7,,,,,,,NIU
,30-11-2019,,,,BT01,003789,,,,,001,ITEMS,1,6.53,7.7,6.53,1.17,7.7,,,,,,,NIU
,30-11-2019,,,,BT01,003790,,,,,001,ITEMS,1,2.54,3,2.54,0.46,3,,,,,,,NIU
,30-11-2019,,,,BT01,003791,,,,,001,ITEMS,1,-6.86,-8.1,-6.86,-1.24,-8.1,,,,,,,NIU
,30-11-2019,,,,BT01,003792,,,,,001,ITEMS,1,0.93,1.1,0.93,0.17,1.1,,,,,,,NIU
,30-11-2019,,,,BT01,003793,,,,,001,ITEMS,1,0.85,1,0.85,0.15,1,,,,,,,NIU
,30-11-2019,,,,BT01,003794,,,,,001,ITEMS,1,5.59,6.6,5.59,1.01,6.6,,,,,,,NIU
,30-11-2019,,,,BT01,003795,,,,,001,ITEMS,1,0.08,0.1,0.08,0.02,0.1,,,,,,,NIU
,30-11-2019,,,,BT01,003796,,,,,001,ITEMS,1,7.63,9,7.63,1.37,9,,,,,,,NIU
,30-11-2019,,,,BT01,003797,,,,,001,ITEMS,1,0.85,1,0.85,0.15,1,,,,,,,NIU
,30-11-2019,,,,BT01,003798,,,,,001,ITEMS,1,1.02,1.2,1.02,0.18,1.2,,,,,,,NIU
,30-11-2019,,,,BT01,003799,,,,,001,ITEMS,1,1.95,2.3,1.95,0.35,2.3,,,,,,,NIU
,30-11-2019,,,,BT01,003800,,,,,001,ITEMS,1,3.81,4.5,3.81,0.69,4.5,,,,,,,NIU
,30-11-2019,,,,BT01,003801,,,,,001,ITEMS,1,1.44,1.7,1.44,0.26,1.7,,,,,,,NIU
,30-11-2019,,,,BT01,003802,,,,,001,ITEMS,1,0.85,1,0.85,0.15,1,,,,,,,NIU
,30-11-2019,,,,BT01,003803,,,,,001,ITEMS,1,1.69,2,1.69,0.31,2,,,,,,,NIU
,30-11-2019,,,,BT01,003804,,,,,001,ITEMS,1,1.02,1.2,1.02,0.18,1.2,,,,,,,NIU
,30-11-2019,,,,BT01,003805,,,,,001,ITEMS,1,1.27,1.5,1.27,0.23,1.5,,,,,,,NIU
,30-11-2019,,,,BT01,003806,,,,,001,ITEMS,1,0.59,0.7,0.59,0.11,0.7,,,,,,,NIU
,30-11-2019,,,,BT01,003807,,,,,001,ITEMS,1,0.85,1,0.85,0.15,1,,,,,,,NIU
,30-11-2019,,,,BT01,003808,,,,,001,ITEMS,1,27.97,33,27.97,5.03,33,,,,,,,NIU
,30-11-2019,,,,BT01,003809,,,,,001,ITEMS,1,0.85,1,0.85,0.15,1,,,,,,,NIU
,30-11-2019,,,,BT01,003810,,,,,001,ITEMS,1,2.20,2.6,2.20,0.40,2.6,,,,,,,NIU
,30-11-2019,,,,BT01,003811,,,,,001,ITEMS,1,11.27,13.3,11.27,2.03,13.3,,,,,,,NIU
,30-11-2019,,,,BT01,003812,,,,,001,ITEMS,1,8.90,10.5,8.90,1.60,10.5,,,,,,,NIU
,30-11-2019,,,,BT01,003813,,,,,001,ITEMS,1,-11.27,-13.3,-11.27,-2.03,-13.3,,,,,,,NIU
,30-11-2019,,,,BT01,003814,,,,,001,ITEMS,1,7.20,8.5,7.20,1.30,8.5,,,,,,,NIU
,30-11-2019,,,,BT01,003815,,,,,001,ITEMS,1,10.93,12.9,10.93,1.97,12.9,,,,,,,NIU
,30-11-2019,,,,BT01,003816,,,,,001,ITEMS,1,22.97,27.1,22.97,4.13,27.1,,,,,,,NIU
,30-11-2019,,,,BT01,003817,,,,,001,ITEMS,1,1.02,1.2,1.02,0.18,1.2,,,,,,,NIU
,30-11-2019,,,,BT01,003818,,,,,001,ITEMS,1,2.12,2.5,2.12,0.38,2.5,,,,,,,NIU
,30-11-2019,,,,BT01,003819,,,,,001,ITEMS,1,4.58,5.4,4.58,0.82,5.4,,,,,,,NIU
,30-11-2019,,,,BT01,003820,,,,,001,ITEMS,1,0.85,1,0.85,0.15,1,,,,,,,NIU
,30-11-2019,,,,BT01,003821,,,,,001,ITEMS,1,11.36,13.4,11.36,2.04,13.4,,,,,,,NIU
,30-11-2019,,,,BT01,003822,,,,,001,ITEMS,1,0.34,0.4,0.34,0.06,0.4,,,,,,,NIU
,30-11-2019,,,,BT01,003823,,,,,001,ITEMS,1,2.29,2.7,2.29,0.41,2.7,,,,,,,NIU
,30-11-2019,,,,BT01,003824,,,,,001,ITEMS,1,8.56,10.1,8.56,1.54,10.1,,,,,,,NIU
,30-11-2019,,,,BT01,003825,,,,,001,ITEMS,1,3.56,4.2,3.56,0.64,4.2,,,,,,,NIU
,30-11-2019,,,,BT01,003826,,,,,001,ITEMS,1,0.85,1,0.85,0.15,1,,,,,,,NIU
,30-11-2019,,,,BT01,003827,,,,,001,ITEMS,1,2.20,2.6,2.20,0.40,2.6,,,,,,,NIU
,30-11-2019,,,,BT01,003828,,,,,001,ITEMS,1,3.14,3.7,3.14,0.56,3.7,,,,,,,NIU
,30-11-2019,,,,BT01,003829,,,,,001,ITEMS,1,0.85,1,0.85,0.15,1,,,,,,,NIU
,30-11-2019,,,,BT01,003830,,,,,001,ITEMS,1,1.36,1.6,1.36,0.24,1.6,,,,,,,NIU
,30-11-2019,,,,BT01,003831,,,,,001,ITEMS,1,2.12,2.5,2.12,0.38,2.5,,,,,,,NIU
,30-11-2019,,,,BT01,003832,,,,,001,ITEMS,1,0.34,0.4,0.34,0.06,0.4,,,,,,,NIU
,30-11-2019,,,,BT01,003833,,,,,001,ITEMS,1,1.69,2,1.69,0.31,2,,,,,,,NIU
,30-11-2019,,,,BT01,003834,,,,,001,ITEMS,1,0.85,1,0.85,0.15,1,,,,,,,NIU
,30-11-2019,,,,BT01,003835,,,,,001,ITEMS,1,3.64,4.3,3.64,0.66,4.3,,,,,,,NIU
,30-11-2019,,,,BT01,003836,,,,,001,ITEMS,1,6.69,7.9,6.69,1.21,7.9,,,,,,,NIU
,30-11-2019,,,,BT01,003837,,,,,001,ITEMS,1,3.39,4,3.39,0.61,4,,,,,,,NIU
,30-11-2019,,,,BT01,003838,,,,,001,ITEMS,1,0.85,1,0.85,0.15,1,,,,,,,NIU
,30-11-2019,,,,BT01,003839,,,,,001,ITEMS,1,41.27,48.7,41.27,7.43,48.7,,,,,,,NIU
,30-11-2019,,,,BT01,003840,,,,,001,ITEMS,1,2.20,2.6,2.20,0.40,2.6,,,,,,,NIU
,30-11-2019,,,,BT01,003841,,,,,001,ITEMS,1,3.22,3.8,3.22,0.58,3.8,,,,,,,NIU
,30-11-2019,,,,BT01,003842,,,,,001,ITEMS,1,1.44,1.7,1.44,0.26,1.7,,,,,,,NIU
,30-11-2019,,,,BT01,003843,,,,,001,ITEMS,1,5.51,6.5,5.51,0.99,6.5,,,,,,,NIU
,30-11-2019,,,,BT01,003844,,,,,001,ITEMS,1,7.63,9,7.63,1.37,9,,,,,,,NIU
,30-11-2019,,,,BT01,003845,,,,,001,ITEMS,1,75.76,89.4,75.76,13.64,89.4,,,,,,,NIU
,30-11-2019,,,,BT01,003846,,,,,001,ITEMS,1,10.25,12.1,10.25,1.85,12.1,,,,,,,NIU
,30-11-2019,,,,BT01,003847,,,,,001,ITEMS,1,11.78,13.9,11.78,2.12,13.9,,,,,,,NIU
,30-11-2019,,,,BT01,003848,,,,,001,ITEMS,1,13.05,15.4,13.05,2.35,15.4,,,,,,,NIU
,30-11-2019,,,,BT01,003849,,,,,001,ITEMS,1,6.78,8,6.78,1.22,8,,,,,,,NIU
,30-11-2019,,,,BT01,003850,,,,,001,ITEMS,1,0.51,0.6,0.51,0.09,0.6,,,,,,,NIU
,30-11-2019,,,,BT01,003851,,,,,001,ITEMS,1,2.29,2.7,2.29,0.41,2.7,,,,,,,NIU
,30-11-2019,,,,BT01,003852,,,,,001,ITEMS,1,3.56,4.2,3.56,0.64,4.2,,,,,,,NIU
,30-11-2019,,,,BT01,003853,,,,,001,ITEMS,1,0.08,0.1,0.08,0.02,0.1,,,,,,,NIU
,30-11-2019,,,,BT01,003854,,,,,001,ITEMS,1,31.69,37.4,31.69,5.71,37.4,,,,,,,NIU
,30-11-2019,,,,BT01,003855,,,,,001,ITEMS,1,0.85,1,0.85,0.15,1,,,,,,,NIU
,30-11-2019,,,,BT01,003856,,,,,001,ITEMS,1,1.86,2.2,1.86,0.34,2.2,,,,,,,NIU
,30-11-2019,,,,BT01,003857,,,,,001,ITEMS,1,1.53,1.8,1.53,0.27,1.8,,,,,,,NIU
,30-11-2019,,,,BT01,003858,,,,,001,ITEMS,1,47.12,55.6,47.12,8.48,55.6,,,,,,,NIU
,30-11-2019,,,,BT01,003859,,,,,001,ITEMS,1,10.17,12,10.17,1.83,12,,,,,,,NIU
,30-11-2019,,,,BT01,003860,,,,,001,ITEMS,1,2.63,3.1,2.63,0.47,3.1,,,,,,,NIU
,30-11-2019,,,,BT01,003861,,,,,001,ITEMS,1,5.17,6.1,5.17,0.93,6.1,,,,,,,NIU
,30-11-2019,,,,BT01,003862,,,,,001,ITEMS,1,2.80,3.3,2.80,0.50,3.3,,,,,,,NIU
,30-11-2019,,,,BT01,003863,,,,,001,ITEMS,1,6.95,8.2,6.95,1.25,8.2,,,,,,,NIU
,30-11-2019,,,,BT01,003864,,,,,001,ITEMS,1,2.20,2.6,2.20,0.40,2.6,,,,,,,NIU
,30-11-2019,,,,BT01,003865,,,,,001,ITEMS,1,1.86,2.2,1.86,0.34,2.2,,,,,,,NIU
,30-11-2019,,,,BT01,003866,,,,,001,ITEMS,1,3.39,4,3.39,0.61,4,,,,,,,NIU
,30-11-2019,,,,BT01,003867,,,,,001,ITEMS,1,0.42,0.5,0.42,0.08,0.5,,,,,,,NIU
,30-11-2019,,,,BT01,003868,,,,,001,ITEMS,1,2.12,2.5,2.12,0.38,2.5,,,,,,,NIU
,30-11-2019,,,,BT01,003869,,,,,001,ITEMS,1,24.58,29,24.58,4.42,29,,,,,,,NIU
,30-11-2019,,,,BT01,003870,,,,,001,ITEMS,1,0.85,1,0.85,0.15,1,,,,,,,NIU
,30-11-2019,,,,BT01,003871,,,,,001,ITEMS,1,2.88,3.4,2.88,0.52,3.4,,,,,,,NIU
,30-11-2019,,,,BT01,003872,,,,,001,ITEMS,1,2.29,2.7,2.29,0.41,2.7,,,,,,,NIU
,30-11-2019,,,,BT01,003873,,,,,001,ITEMS,1,12.46,14.7,12.46,2.24,14.7,,,,,,,NIU
,30-11-2019,,,,BT01,003874,,,,,001,ITEMS,1,5.93,7,5.93,1.07,7,,,,,,,NIU
,30-11-2019,,,,BT01,003875,,,,,001,ITEMS,1,8.05,9.5,8.05,1.45,9.5,,,,,,,NIU
,30-11-2019,,,,BT01,003876,,,,,001,ITEMS,1,7.80,9.2,7.80,1.40,9.2,,,,,,,NIU
,30-11-2019,,,,BT01,003877,,,,,001,ITEMS,1,8.47,10,8.47,1.53,10,,,,,,,NIU
,30-11-2019,,,,BT01,003878,,,,,001,ITEMS,1,8.64,10.2,8.64,1.56,10.2,,,,,,,NIU
,30-11-2019,,,,BT01,003879,,,,,001,ITEMS,1,0.85,1,0.85,0.15,1,,,,,,,NIU
,30-11-2019,,,,BT01,003880,,,,,001,ITEMS,1,17.54,20.7,17.54,3.16,20.7,,,,,,,NIU
,30-11-2019,,,,BT01,003881,,,,,001,ITEMS,1,1.27,1.5,1.27,0.23,1.5,,,,,,,NIU
,30-11-2019,,,,BT01,003882,,,,,001,ITEMS,1,5.42,6.4,5.42,0.98,6.4,,,,,,,NIU
,30-11-2019,,,,BT01,003883,,,,,001,ITEMS,1,10.93,12.9,10.93,1.97,12.9,,,,,,,NIU
,30-11-2019,,,,BT01,003884,,,,,001,ITEMS,1,1.69,2,1.69,0.31,2,,,,,,,NIU
,30-11-2019,,,,BT01,003885,,,,,001,ITEMS,1,3.90,4.6,3.90,0.70,4.6,,,,,,,NIU
,30-11-2019,,,,BT01,003886,,,,,001,ITEMS,1,27.97,33,27.97,5.03,33,,,,,,,NIU
,30-11-2019,,,,BT01,003887,,,,,001,ITEMS,1,1.27,1.5,1.27,0.23,1.5,,,,,,,NIU
,30-11-2019,,,,BT01,003888,,,,,001,ITEMS,1,2.12,2.5,2.12,0.38,2.5,,,,,,,NIU
,30-11-2019,,,,BT01,003889,,,,,001,ITEMS,1,5.08,6,5.08,0.92,6,,,,,,,NIU
,30-11-2019,,,,BT01,003890,,,,,001,ITEMS,1,3.39,4,3.39,0.61,4,,,,,,,NIU
,30-11-2019,,,,BT01,003891,,,,,001,ITEMS,1,3.81,4.5,3.81,0.69,4.5,,,,,,,NIU
,30-11-2019,,,,BT01,003892,,,,,001,ITEMS,1,18.56,21.9,18.56,3.34,21.9,,,,,,,NIU
,30-11-2019,,,,BT01,003893,,,,,001,ITEMS,1,1.36,1.6,1.36,0.24,1.6,,,,,,,NIU
,30-11-2019,,,,BT01,003894,,,,,001,ITEMS,1,10.93,12.9,10.93,1.97,12.9,,,,,,,NIU
,30-11-2019,,,,BT01,003895,,,,,001,ITEMS,1,2.88,3.4,2.88,0.52,3.4,,,,,,,NIU
,30-11-2019,,,,BT01,003896,,,,,001,ITEMS,1,41.53,49,41.53,7.47,49,,,,,,,NIU
,30-11-2019,,,,BT01,003897,,,,,001,ITEMS,1,7.20,8.5,7.20,1.30,8.5,,,,,,,NIU
,30-11-2019,,,,BT01,003898,,,,,001,ITEMS,1,12.63,14.9,12.63,2.27,14.9,,,,,,,NIU
,30-11-2019,,,,BT01,003899,,,,,001,ITEMS,1,14.15,16.7,14.15,2.55,16.7,,,,,,,NIU
,30-11-2019,,,,BT01,003900,,,,,001,ITEMS,1,0.68,0.8,0.68,0.12,0.8,,,,,,,NIU
,30-11-2019,,,,BT01,003901,,,,,001,ITEMS,1,8.22,9.7,8.22,1.48,9.7,,,,,,,NIU
,30-11-2019,,,,BT01,003902,,,,,001,ITEMS,1,-40.68,-48,-40.68,-7.32,-48,,,,,,,NIU
,30-11-2019,,,,BT01,003903,,,,,001,ITEMS,1,21.19,25,21.19,3.81,25,,,,,,,NIU
,30-11-2019,,,,BT01,003904,,,,,001,ITEMS,1,24.41,28.8,24.41,4.39,28.8,,,,,,,NIU
,30-11-2019,,,,BT01,003905,,,,,001,ITEMS,1,49.41,58.3,49.41,8.89,58.3,,,,,,,NIU
,30-11-2019,,,,BT01,003906,,,,,001,ITEMS,1,0.85,1,0.85,0.15,1,,,,,,,NIU
,30-11-2019,,,,BT01,003907,,,,,001,ITEMS,1,1.69,2,1.69,0.31,2,,,,,,,NIU
,30-11-2019,,,,BT01,003908,,,,,001,ITEMS,1,9.58,11.3,9.58,1.72,11.3,,,,,,,NIU
,30-11-2019,,,,BT01,003909,,,,,001,ITEMS,1,2.20,2.6,2.20,0.40,2.6,,,,,,,NIU
,30-11-2019,,,,BT01,003910,,,,,001,ITEMS,1,15.85,18.7,15.85,2.85,18.7,,,,,,,NIU
,30-11-2019,,,,BT01,003911,,,,,001,ITEMS,1,14.66,17.3,14.66,2.64,17.3,,,,,,,NIU
,30-11-2019,,,,BT01,003912,,,,,001,ITEMS,1,0.85,1,0.85,0.15,1,,,,,,,NIU
,30-11-2019,,,,BT01,003913,,,,,001,ITEMS,1,1.69,2,1.69,0.31,2,,,,,,,NIU
,30-11-2019,,,,BT01,003914,,,,,001,ITEMS,1,8.90,10.5,8.90,1.60,10.5,,,,,,,NIU
,30-11-2019,,,,BT01,003915,,,,,001,ITEMS,1,10.17,12,10.17,1.83,12,,,,,,,NIU
,30-11-2019,,,,BT01,003916,,,,,001,ITEMS,1,0.08,0.1,0.08,0.02,0.1,,,,,,,NIU
,30-11-2019,,,,BT01,003917,,,,,001,ITEMS,1,8.05,9.5,8.05,1.45,9.5,,,,,,,NIU
,30-11-2019,,,,BT01,003918,,,,,001,ITEMS,1,1.19,1.4,1.19,0.21,1.4,,,,,,,NIU
,30-11-2019,,,,BT01,003919,,,,,001,ITEMS,1,5.08,6,5.08,0.92,6,,,,,,,NIU
,30-11-2019,,,,BT01,003920,,,,,001,ITEMS,1,16.10,19,16.10,2.90,19,,,,,,,NIU
,30-11-2019,,,,BT01,003921,,,,,001,ITEMS,1,0.85,1,0.85,0.15,1,,,,,,,NIU
,30-11-2019,,,,BT01,003922,,,,,001,ITEMS,1,0.85,1,0.85,0.15,1,,,,,,,NIU
,30-11-2019,,,,BT01,003923,,,,,001,ITEMS,1,0.85,1,0.85,0.15,1,,,,,,,NIU
,30-11-2019,,,,BT01,003924,,,,,001,ITEMS,1,5.42,6.4,5.42,0.98,6.4,,,,,,,NIU
,30-11-2019,,,,BT01,003925,,,,,001,ITEMS,1,13.90,16.4,13.90,2.50,16.4,,,,,,,NIU
,30-11-2019,,,,BT01,003926,,,,,001,ITEMS,1,4.83,5.7,4.83,0.87,5.7,,,,,,,NIU
,30-11-2019,,,,BT01,003927,,,,,001,ITEMS,1,10.93,12.9,10.93,1.97,12.9,,,,,,,NIU
,30-11-2019,,,,BT01,003928,,,,,001,ITEMS,1,6.53,7.7,6.53,1.17,7.7,,,,,,,NIU
,30-11-2019,,,,BT01,003929,,,,,001,ITEMS,1,2.88,3.4,2.88,0.52,3.4,,,,,,,NIU
,30-11-2019,,,,BT01,003930,,,,,001,ITEMS,1,1.44,1.7,1.44,0.26,1.7,,,,,,,NIU
,30-11-2019,,,,BT01,003931,,,,,001,ITEMS,1,49.15,58,49.15,8.85,58,,,,,,,NIU
,30-11-2019,,,,BT01,003932,,,,,001,ITEMS,1,6.44,7.6,6.44,1.16,7.6,,,,,,,NIU
,30-11-2019,,,,BT01,003933,,,,,001,ITEMS,1,7.63,9,7.63,1.37,9,,,,,,,NIU
,30-11-2019,,,,BT01,003934,,,,,001,ITEMS,1,4.41,5.2,4.41,0.79,5.2,,,,,,,NIU
,30-11-2019,,,,BT01,003935,,,,,001,ITEMS,1,0.17,0.2,0.17,0.03,0.2,,,,,,,NIU
,30-11-2019,,,,BT01,003936,,,,,001,ITEMS,1,0.51,0.6,0.51,0.09,0.6,,,,,,,NIU
,30-11-2019,,,,BT01,003937,,,,,001,ITEMS,1,3.81,4.5,3.81,0.69,4.5,,,,,,,NIU
,30-11-2019,,,,BT01,003938,,,,,001,ITEMS,1,2.20,2.6,2.20,0.40,2.6,,,,,,,NIU
,30-11-2019,,,,BT01,003939,,,,,001,ITEMS,1,18.22,21.5,18.22,3.28,21.5,,,,,,,NIU
,30-11-2019,,,,BT01,003940,,,,,001,ITEMS,1,1.44,1.7,1.44,0.26,1.7,,,,,,,NIU
,30-11-2019,,,,BT01,003941,,,,,001,ITEMS,1,2.29,2.7,2.29,0.41,2.7,,,,,,,NIU
,30-11-2019,,,,BT01,003942,,,,,001,ITEMS,1,11.78,13.9,11.78,2.12,13.9,,,,,,,NIU
,30-11-2019,,,,BT01,003943,,,,,001,ITEMS,1,4.66,5.5,4.66,0.84,5.5,,,,,,,NIU
,30-11-2019,,,,BT01,003944,,,,,001,ITEMS,1,8.64,10.2,8.64,1.56,10.2,,,,,,,NIU
,30-11-2019,,,,BT01,003945,,,,,001,ITEMS,1,42.12,49.7,42.12,7.58,49.7,,,,,,,NIU
,30-11-2019,,,,BT01,003946,,,,,001,ITEMS,1,8.90,10.5,8.90,1.60,10.5,,,,,,,NIU
,30-11-2019,,,,BT01,003947,,,,,001,ITEMS,1,0.85,1,0.85,0.15,1,,,,,,,NIU
,30-11-2019,,,,BT01,003948,,,,,001,ITEMS,1,1.27,1.5,1.27,0.23,1.5,,,,,,,NIU
,30-11-2019,,,,BT01,003949,,,,,001,ITEMS,1,2.03,2.4,2.03,0.37,2.4,,,,,,,NIU
,30-11-2019,,,,BT01,003950,,,,,001,ITEMS,1,2.71,3.2,2.71,0.49,3.2,,,,,,,NIU
,30-11-2019,,,,BT01,003951,,,,,001,ITEMS,1,31.53,37.2,31.53,5.67,37.2,,,,,,,NIU
,30-11-2019,,,,BT01,003952,,,,,001,ITEMS,1,0.85,1,0.85,0.15,1,,,,,,,NIU
,30-11-2019,,,,BT01,003953,,,,,001,ITEMS,1,21.86,25.8,21.86,3.94,25.8,,,,,,,NIU
,30-11-2019,,,,BT01,003954,,,,,001,ITEMS,1,7.20,8.5,7.20,1.30,8.5,,,,,,,NIU
,30-11-2019,,,,BT01,003955,,,,,001,ITEMS,1,13.22,15.6,13.22,2.38,15.6,,,,,,,NIU
,30-11-2019,,,,BT01,003956,,,,,001,ITEMS,1,21.19,25,21.19,3.81,25,,,,,,,NIU
,30-11-2019,,,,BT01,003957,,,,,001,ITEMS,1,9.32,11,9.32,1.68,11,,,,,,,NIU
,30-11-2019,,,,BT01,003958,,,,,001,ITEMS,1,28.81,34,28.81,5.19,34,,,,,,,NIU
,30-11-2019,,,,BT01,003959,,,,,001,ITEMS,1,5.00,5.9,5.00,0.90,5.9,,,,,,,NIU
,30-11-2019,,,,BT01,003960,,,,,001,ITEMS,1,2.54,3,2.54,0.46,3,,,,,,,NIU
,30-11-2019,,,,BT01,003961,,,,,001,ITEMS,1,3.64,4.3,3.64,0.66,4.3,,,,,,,NIU
,30-11-2019,,,,BT01,003962,,,,,001,ITEMS,1,2.97,3.5,2.97,0.53,3.5,,,,,,,NIU
,30-11-2019,,,,BT01,003963,,,,,001,ITEMS,1,4.24,5,4.24,0.76,5,,,,,,,NIU
,30-11-2019,,,,BT01,003964,,,,,001,ITEMS,1,3.56,4.2,3.56,0.64,4.2,,,,,,,NIU
,30-11-2019,,,,BT01,003965,,,,,001,ITEMS,1,3.56,4.2,3.56,0.64,4.2,,,,,,,NIU
,30-11-2019,,,,BT01,003966,,,,,001,ITEMS,1,12.63,14.9,12.63,2.27,14.9,,,,,,,NIU
,30-11-2019,,,,BT01,003967,,,,,001,ITEMS,1,16.27,19.2,16.27,2.93,19.2,,,,,,,NIU
,30-11-2019,,,,BT01,003968,,,,,001,ITEMS,1,9.66,11.4,9.66,1.74,11.4,,,,,,,NIU
,30-11-2019,,,,BT01,003969,,,,,001,ITEMS,1,4.32,5.1,4.32,0.78,5.1,,,,,,,NIU
,30-11-2019,,,,BT01,003970,,,,,001,ITEMS,1,3.56,4.2,3.56,0.64,4.2,,,,,,,NIU
,30-11-2019,,,,BT01,003971,,,,,001,ITEMS,1,-4.24,-5,-4.24,-0.76,-5,,,,,,,NIU
,30-11-2019,,,,BT01,003972,,,,,001,ITEMS,1,2.29,2.7,2.29,0.41,2.7,,,,,,,NIU
,30-11-2019,,,,BT01,003973,,,,,001,ITEMS,1,3.90,4.6,3.90,0.70,4.6,,,,,,,NIU
,30-11-2019,,,,BT01,003974,,,,,001,ITEMS,1,0.85,1,0.85,0.15,1,,,,,,,NIU
,30-11-2019,,,,BT01,003975,,,,,001,ITEMS,1,4.75,5.6,4.75,0.85,5.6,,,,,,,NIU
,30-11-2019,,,,BT01,003976,,,,,001,ITEMS,1,3.47,4.1,3.47,0.63,4.1,,,,,,,NIU
,30-11-2019,,,,BT01,003977,,,,,001,ITEMS,1,0.08,0.1,0.08,0.02,0.1,,,,,,,NIU
,30-11-2019,,,,BT01,003978,,,,,001,ITEMS,1,21.19,25,21.19,3.81,25,,,,,,,NIU
,30-11-2019,,,,BT01,003979,,,,,001,ITEMS,1,7.20,8.5,7.20,1.30,8.5,,,,,,,NIU
,30-11-2019,,,,BT01,003980,,,,,001,ITEMS,1,0.34,0.4,0.34,0.06,0.4,,,,,,,NIU
,30-11-2019,,,,BT01,003981,,,,,001,ITEMS,1,3.81,4.5,3.81,0.69,4.5,,,,,,,NIU
,30-11-2019,,,,BT01,003982,,,,,001,ITEMS,1,1.36,1.6,1.36,0.24,1.6,,,,,,,NIU
,30-11-2019,,,,BT01,003983,,,,,001,ITEMS,1,6.27,7.4,6.27,1.13,7.4,,,,,,,NIU
,30-11-2019,,,,BT01,003984,,,,,001,ITEMS,1,6.36,7.5,6.36,1.14,7.5,,,,,,,NIU
,30-11-2019,,,,BT01,003985,,,,,001,ITEMS,1,2.12,2.5,2.12,0.38,2.5,,,,,,,NIU
,30-11-2019,,,,BT01,003986,,,,,001,ITEMS,1,53.98,63.7,53.98,9.72,63.7,,,,,,,NIU
,30-11-2019,,,,BT01,003987,,,,,001,ITEMS,1,0.42,0.5,0.42,0.08,0.5,,,,,,,NIU
,30-11-2019,,,,BT01,003988,,,,,001,ITEMS,1,1.86,2.2,1.86,0.34,2.2,,,,,,,NIU
,30-11-2019,,,,BT01,003989,,,,,001,ITEMS,1,2.54,3,2.54,0.46,3,,,,,,,NIU
,30-11-2019,,,,BT01,003990,,,,,001,ITEMS,1,2.20,2.6,2.20,0.40,2.6,,,,,,,NIU
,30-11-2019,,,,BT01,003991,,,,,001,ITEMS,1,7.37,8.7,7.37,1.33,8.7,,,,,,,NIU
,30-11-2019,,,,BT01,003992,,,,,001,ITEMS,1,1.10,1.3,1.10,0.20,1.3,,,,,,,NIU
,30-11-2019,,,,BT01,003993,,,,,001,ITEMS,1,2.20,2.6,2.20,0.40,2.6,,,,,,,NIU
,30-11-2019,,,,BT01,003994,,,,,001,ITEMS,1,1.10,1.3,1.10,0.20,1.3,,,,,,,NIU
,30-11-2019,,,,BT01,003995,,,,,001,ITEMS,1,8.56,10.1,8.56,1.54,10.1,,,,,,,NIU
,30-11-2019,,,,BT01,003996,,,,,001,ITEMS,1,2.29,2.7,2.29,0.41,2.7,,,,,,,NIU
,30-11-2019,,,,BT01,003997,,,,,001,ITEMS,1,1.27,1.5,1.27,0.23,1.5,,,,,,,NIU
,30-11-2019,,,,BT01,003998,,,,,001,ITEMS,1,2.71,3.2,2.71,0.49,3.2,,,,,,,NIU
,30-11-2019,,,,BT01,003999,,,,,001,ITEMS,1,3.90,4.6,3.90,0.70,4.6,,,,,,,NIU
,30-11-2019,,,,BT01,004000,,,,,001,ITEMS,1,3.56,4.2,3.56,0.64,4.2,,,,,,,NIU
,30-11-2019,,,,BT01,004001,,,,,001,ITEMS,1,2.20,2.6,2.20,0.40,2.6,,,,,,,NIU
,30-11-2019,,,,BT01,004002,,,,,001,ITEMS,1,1.69,2,1.69,0.31,2,,,,,,,NIU
,30-11-2019,,,,BT01,004003,,,,,001,ITEMS,1,1.69,2,1.69,0.31,2,,,,,,,NIU
,30-11-2019,,,,BT01,004004,,,,,001,ITEMS,1,0.17,0.2,0.17,0.03,0.2,,,,,,,NIU
,30-11-2019,,,,BT01,004005,,,,,001,ITEMS,1,0.85,1,0.85,0.15,1,,,,,,,NIU
,30-11-2019,,,,BT01,004006,,,,,001,ITEMS,1,3.81,4.5,3.81,0.69,4.5,,,,,,,NIU
,30-11-2019,,,,BT01,004007,,,,,001,ITEMS,1,25.42,30,25.42,4.58,30,,,,,,,NIU
,30-11-2019,,,,BT01,004008,,,,,001,ITEMS,1,6.53,7.7,6.53,1.17,7.7,,,,,,,NIU
,30-11-2019,,,,BT01,004009,,,,,001,ITEMS,1,0.85,1,0.85,0.15,1,,,,,,,NIU
,30-11-2019,,,,BT01,004010,,,,,001,ITEMS,1,2.29,2.7,2.29,0.41,2.7,,,,,,,NIU
,30-11-2019,,,,BT01,004011,,,,,001,ITEMS,1,0.85,1,0.85,0.15,1,,,,,,,NIU
,30-11-2019,,,,BT01,004012,,,,,001,ITEMS,1,3.98,4.7,3.98,0.72,4.7,,,,,,,NIU
,30-11-2019,,,,BT01,004013,,,,,001,ITEMS,1,8.90,10.5,8.90,1.60,10.5,,,,,,,NIU
,30-11-2019,,,,BT01,004014,,,,,001,ITEMS,1,3.31,3.9,3.31,0.59,3.9,,,,,,,NIU
,30-11-2019,,,,BT01,004015,,,,,001,ITEMS,1,10.17,12,10.17,1.83,12,,,,,,,NIU
,30-11-2019,,,,BT01,004016,,,,,001,ITEMS,1,1.10,1.3,1.10,0.20,1.3,,,,,,,NIU
,30-11-2019,,,,BT01,004017,,,,,001,ITEMS,1,15.08,17.8,15.08,2.72,17.8,,,,,,,NIU
,30-11-2019,,,,BT01,004018,,,,,001,ITEMS,1,5.51,6.5,5.51,0.99,6.5,,,,,,,NIU
,30-11-2019,,,,BT01,004019,,,,,001,ITEMS,1,6.36,7.5,6.36,1.14,7.5,,,,,,,NIU
,30-11-2019,,,,BT01,004020,,,,,001,ITEMS,1,1.69,2,1.69,0.31,2,,,,,,,NIU
,30-11-2019,,,,BT01,004021,,,,,001,ITEMS,1,5.42,6.4,5.42,0.98,6.4,,,,,,,NIU
,30-11-2019,,,,BT01,004022,,,,,001,ITEMS,1,10.93,12.9,10.93,1.97,12.9,,,,,,,NIU
,30-11-2019,,,,BT01,004023,,,,,001,ITEMS,1,-6.53,-7.7,-6.53,-1.17,-7.7,,,,,,,NIU
,30-11-2019,,,,BT01,004024,,,,,001,ITEMS,1,1.69,2,1.69,0.31,2,,,,,,,NIU
,30-11-2019,,,,BT01,004025,,,,,001,ITEMS,1,2.46,2.9,2.46,0.44,2.9,,,,,,,NIU
,30-11-2019,,,,BT01,004026,,,,,001,ITEMS,1,1.69,2,1.69,0.31,2,,,,,,,NIU
,30-11-2019,,,,BT01,004027,,,,,001,ITEMS,1,1.10,1.3,1.10,0.20,1.3,,,,,,,NIU
,30-11-2019,,,,BT01,004028,,,,,001,ITEMS,1,10.93,12.9,10.93,1.97,12.9,,,,,,,NIU
,30-11-2019,,,,BT01,004029,,,,,001,ITEMS,1,0.76,0.9,0.76,0.14,0.9,,,,,,,NIU
,30-11-2019,,,,BT01,004030,,,,,001,ITEMS,1,0.76,0.9,0.76,0.14,0.9,,,,,,,NIU
,30-11-2019,,,,BT01,004031,,,,,001,ITEMS,1,4.24,5,4.24,0.76,5,,,,,,,NIU
,30-11-2019,,,,BT01,004032,,,,,001,ITEMS,1,0.08,0.1,0.08,0.02,0.1,,,,,,,NIU
,30-11-2019,,,,BT01,004033,,,,,001,ITEMS,1,1.02,1.2,1.02,0.18,1.2,,,,,,,NIU
,30-11-2019,,,,BT01,004034,,,,,001,ITEMS,1,1.02,1.2,1.02,0.18,1.2,,,,,,,NIU
,30-11-2019,,,,BT01,004035,,,,,001,ITEMS,1,2.12,2.5,2.12,0.38,2.5,,,,,,,NIU
,30-11-2019,,,,BT01,004036,,,,,001,ITEMS,1,0.85,1,0.85,0.15,1,,,,,,,NIU
,30-11-2019,,,,BT01,004037,,,,,001,ITEMS,1,6.95,8.2,6.95,1.25,8.2,,,,,,,NIU
,30-11-2019,,,,BT01,004038,,,,,001,ITEMS,1,1.36,1.6,1.36,0.24,1.6,,,,,,,NIU
,30-11-2019,,,,BT01,004039,,,,,001,ITEMS,1,2.71,3.2,2.71,0.49,3.2,,,,,,,NIU
,30-11-2019,,,,BT01,004040,,,,,001,ITEMS,1,0.85,1,0.85,0.15,1,,,,,,,NIU
,30-11-2019,,,,BT01,004041,,,,,001,ITEMS,1,2.71,3.2,2.71,0.49,3.2,,,,,,,NIU
,30-11-2019,,,,BT01,004042,,,,,001,ITEMS,1,3.81,4.5,3.81,0.69,4.5,,,,,,,NIU
,30-11-2019,,,,BT01,004043,,,,,001,ITEMS,1,5.08,6,5.08,0.92,6,,,,,,,NIU
,30-11-2019,,,,BT01,004044,,,,,001,ITEMS,1,11.53,13.6,11.53,2.07,13.6,,,,,,,NIU
,30-11-2019,,,,BT01,004045,,,,,001,ITEMS,1,1.27,1.5,1.27,0.23,1.5,,,,,,,NIU
,30-11-2019,,,,BT01,004046,,,,,001,ITEMS,1,10.93,12.9,10.93,1.97,12.9,,,,,,,NIU
,30-11-2019,,,,BT01,004047,,,,,001,ITEMS,1,8.90,10.5,8.90,1.60,10.5,,,,,,,NIU
,30-11-2019,,,,BT01,004048,,,,,001,ITEMS,1,12.71,15,12.71,2.29,15,,,,,,,NIU
,30-11-2019,,,,BT01,004049,,,,,001,ITEMS,1,1.19,1.4,1.19,0.21,1.4,,,,,,,NIU
,30-11-2019,,,,BT01,004050,,,,,001,ITEMS,1,23.90,28.2,23.90,4.30,28.2,,,,,,,NIU
,30-11-2019,,,,BT01,004051,,,,,001,ITEMS,1,0.85,1,0.85,0.15,1,,,,,,,NIU
,30-11-2019,,,,BT01,004052,,,,,001,ITEMS,1,3.56,4.2,3.56,0.64,4.2,,,,,,,NIU
,30-11-2019,,,,BT01,004053,,,,,001,ITEMS,1,0.85,1,0.85,0.15,1,,,,,,,NIU
,30-11-2019,,,,BT01,004054,,,,,001,ITEMS,1,1.27,1.5,1.27,0.23,1.5,,,,,,,NIU
,30-11-2019,,,,BT01,004055,,,,,001,ITEMS,1,6.27,7.4,6.27,1.13,7.4,,,,,,,NIU
,30-11-2019,,,,BT01,004056,,,,,001,ITEMS,1,25.34,29.9,25.34,4.56,29.9,,,,,,,NIU
,30-11-2019,,,,BT01,004057,,,,,001,ITEMS,1,0.85,1,0.85,0.15,1,,,,,,,NIU
,30-11-2019,,,,BT01,004058,,,,,001,ITEMS,1,0.42,0.5,0.42,0.08,0.5,,,,,,,NIU
,30-11-2019,,,,BT01,004059,,,,,001,ITEMS,1,2.54,3,2.54,0.46,3,,,,,,,NIU
,30-11-2019,,,,BT01,004060,,,,,001,ITEMS,1,0.85,1,0.85,0.15,1,,,,,,,NIU
,30-11-2019,,,,BT01,004061,,,,,001,ITEMS,1,8.05,9.5,8.05,1.45,9.5,,,,,,,NIU
,30-11-2019,,,,BT01,004062,,,,,001,ITEMS,1,0.85,1,0.85,0.15,1,,,,,,,NIU
,30-11-2019,,,,BT01,004063,,,,,001,ITEMS,1,0.34,0.4,0.34,0.06,0.4,,,,,,,NIU
,30-11-2019,,,,BT01,004064,,,,,001,ITEMS,1,0.42,0.5,0.42,0.08,0.5,,,,,,,NIU
,30-11-2019,,,,BT01,004065,,,,,001,ITEMS,1,7.29,8.6,7.29,1.31,8.6,,,,,,,NIU
,30-11-2019,,,,BT01,004066,,,,,001,ITEMS,1,0.85,1,0.85,0.15,1,,,,,,,NIU
,30-11-2019,,,,BT01,004067,,,,,001,ITEMS,1,-1.36,-1.6,-1.36,-0.24,-1.6,,,,,,,NIU
,30-11-2019,,,,BT01,004068,,,,,001,ITEMS,1,1.27,1.5,1.27,0.23,1.5,,,,,,,NIU
,30-11-2019,,,,BT01,004069,,,,,001,ITEMS,1,9.75,11.5,9.75,1.75,11.5,,,,,,,NIU
,30-11-2019,,,,BT01,004070,,,,,001,ITEMS,1,2.29,2.7,2.29,0.41,2.7,,,,,,,NIU
,30-11-2019,,,,BT01,004071,,,,,001,ITEMS,1,0.85,1,0.85,0.15,1,,,,,,,NIU
,30-11-2019,,,,BT01,004072,,,,,001,ITEMS,1,1.44,1.7,1.44,0.26,1.7,,,,,,,NIU
,30-11-2019,,,,BT01,004073,,,,,001,ITEMS,1,1.44,1.7,1.44,0.26,1.7,,,,,,,NIU
,30-11-2019,,,,BT01,004074,,,,,001,ITEMS,1,0.59,0.7,0.59,0.11,0.7,,,,,,,NIU
,30-11-2019,,,,BT01,004075,,,,,001,ITEMS,1,21.69,25.6,21.69,3.91,25.6,,,,,,,NIU
,30-11-2019,,,,BT01,004076,,,,,001,ITEMS,1,0.85,1,0.85,0.15,1,,,,,,,NIU
,30-11-2019,,,,BT01,004077,,,,,001,ITEMS,1,1.36,1.6,1.36,0.24,1.6,,,,,,,NIU
,30-11-2019,,,,BT01,004078,,,,,001,ITEMS,1,0.17,0.2,0.17,0.03,0.2,,,,,,,NIU
,30-11-2019,,,,BT01,004079,,,,,001,ITEMS,1,2.54,3,2.54,0.46,3,,,,,,,NIU
,30-11-2019,,,,BT01,004080,,,,,001,ITEMS,1,2.12,2.5,2.12,0.38,2.5,,,,,,,NIU
,30-11-2019,,,,BT01,004081,,,,,001,ITEMS,1,0.85,1,0.85,0.15,1,,,,,,,NIU
,30-11-2019,,,,BT01,004082,,,,,001,ITEMS,1,0.59,0.7,0.59,0.11,0.7,,,,,,,NIU
,30-11-2019,,,,BT01,004083,,,,,001,ITEMS,1,5.00,5.9,5.00,0.90,5.9,,,,,,,NIU
,30-11-2019,,,,BT01,004084,,,,,001,ITEMS,1,0.76,0.9,0.76,0.14,0.9,,,,,,,NIU
,30-11-2019,,,,BT01,004085,,,,,001,ITEMS,1,3.81,4.5,3.81,0.69,4.5,,,,,,,NIU
,30-11-2019,,,,BT01,004086,,,,,001,ITEMS,1,1.53,1.8,1.53,0.27,1.8,,,,,,,NIU
,30-11-2019,,,,BT01,004087,,,,,001,ITEMS,1,1.53,1.8,1.53,0.27,1.8,,,,,,,NIU
,30-11-2019,,,,BT01,004088,,,,,001,ITEMS,1,0.85,1,0.85,0.15,1,,,,,,,NIU
,30-11-2019,,,,BT01,004089,,,,,001,ITEMS,1,0.85,1,0.85,0.15,1,,,,,,,NIU
,30-11-2019,,,,BT01,004090,,,,,001,ITEMS,1,1.86,2.2,1.86,0.34,2.2,,,,,,,NIU
,30-11-2019,,,,BT01,004091,,,,,001,ITEMS,1,5.51,6.5,5.51,0.99,6.5,,,,,,,NIU
,30-11-2019,,,,BT01,004092,,,,,001,ITEMS,1,0.42,0.5,0.42,0.08,0.5,,,,,,,NIU
,30-11-2019,,,,BT01,004093,,,,,001,ITEMS,1,0.85,1,0.85,0.15,1,,,,,,,NIU
,30-11-2019,,,,BT01,004094,,,,,001,ITEMS,1,0.42,0.5,0.42,0.08,0.5,,,,,,,NIU
,30-11-2019,,,,BT01,004095,,,,,001,ITEMS,1,0.85,1,0.85,0.15,1,,,,,,,NIU
,30-11-2019,,,,BT01,004096,,,,,001,ITEMS,1,0.59,0.7,0.59,0.11,0.7,,,,,,,NIU
,30-11-2019,,,,BT01,004097,,,,,001,ITEMS,1,1.02,1.2,1.02,0.18,1.2,,,,,,,NIU
,30-11-2019,,,,BT01,004098,,,,,001,ITEMS,1,0.85,1,0.85,0.15,1,,,,,,,NIU
,30-11-2019,,,,BT01,004099,,,,,001,ITEMS,1,3.81,4.5,3.81,0.69,4.5,,,,,,,NIU
,30-11-2019,,,,BT01,004100,,,,,001,ITEMS,1,1.10,1.3,1.10,0.20,1.3,,,,,,,NIU
,30-11-2019,,,,BT01,004101,,,,,001,ITEMS,1,2.29,2.7,2.29,0.41,2.7,,,,,,,NIU
,30-11-2019,,,,BT01,004102,,,,,001,ITEMS,1,2.20,2.6,2.20,0.40,2.6,,,,,,,NIU
,30-11-2019,,,,BT01,004103,,,,,001,ITEMS,1,0.85,1,0.85,0.15,1,,,,,,,NIU
,30-11-2019,,,,BT01,004104,,,,,001,ITEMS,1,0.85,1,0.85,0.15,1,,,,,,,NIU
,30-11-2019,,,,BT01,004105,,,,,001,ITEMS,1,10.68,12.6,10.68,1.92,12.6,,,,,,,NIU
,30-11-2019,,,,BT01,004106,,,,,001,ITEMS,1,4.24,5,4.24,0.76,5,,,,,,,NIU
,30-11-2019,,,,BT01,004107,,,,,001,ITEMS,1,39.75,46.9,39.75,7.15,46.9,,,,,,,NIU
,30-11-2019,,,,BT01,004108,,,,,001,ITEMS,1,7.03,8.3,7.03,1.27,8.3,,,,,,,NIU
,30-11-2019,,,,BT01,004109,,,,,001,ITEMS,1,10.93,12.9,10.93,1.97,12.9,,,,,,,NIU
,30-11-2019,,,,BT01,004110,,,,,001,ITEMS,1,1.10,1.3,1.10,0.20,1.3,,,,,,,NIU
,30-11-2019,,,,BT01,004111,,,,,001,ITEMS,1,1.86,2.2,1.86,0.34,2.2,,,,,,,NIU
,30-11-2019,,,,BT01,004112,,,,,001,ITEMS,1,5.08,6,5.08,0.92,6,,,,,,,NIU
,30-11-2019,,,,BT01,004113,,,,,001,ITEMS,1,2.97,3.5,2.97,0.53,3.5,,,,,,,NIU
,30-11-2019,,,,BT01,004114,,,,,001,ITEMS,1,3.56,4.2,3.56,0.64,4.2,,,,,,,NIU
,30-11-2019,,,,BT01,004115,,,,,001,ITEMS,1,1.27,1.5,1.27,0.23,1.5,,,,,,,NIU
,30-11-2019,,,,BT01,004116,,,,,001,ITEMS,1,0.85,1,0.85,0.15,1,,,,,,,NIU
,30-11-2019,,,,BT01,004117,,,,,001,ITEMS,1,3.39,4,3.39,0.61,4,,,,,,,NIU
,30-11-2019,,,,BT01,004118,,,,,001,ITEMS,1,0.85,1,0.85,0.15,1,,,,,,,NIU
,30-11-2019,,,,BT01,004119,,,,,001,ITEMS,1,0.85,1,0.85,0.15,1,,,,,,,NIU
,30-11-2019,,,,BT01,004120,,,,,001,ITEMS,1,15.25,18,15.25,2.75,18,,,,,,,NIU
,30-11-2019,,,,BT01,004121,,,,,001,ITEMS,1,23.73,28,23.73,4.27,28,,,,,,,NIU
,30-11-2019,,,,BT01,004122,,,,,001,ITEMS,1,0.93,1.1,0.93,0.17,1.1,,,,,,,NIU
,30-11-2019,,,,BT01,004123,,,,,001,ITEMS,1,0.08,0.1,0.08,0.02,0.1,,,,,,,NIU
,30-11-2019,,,,BT01,004124,,,,,001,ITEMS,1,0.85,1,0.85,0.15,1,,,,,,,NIU
,30-11-2019,,,,BT01,004125,,,,,001,ITEMS,1,4.75,5.6,4.75,0.85,5.6,,,,,,,NIU
,30-11-2019,,,,BT01,004126,,,,,001,ITEMS,1,63.14,74.5,63.14,11.36,74.5,,,,,,,NIU
,30-11-2019,,,,BT01,004127,,,,,001,ITEMS,1,4.41,5.2,4.41,0.79,5.2,,,,,,,NIU
,30-11-2019,,,,BT01,004128,,,,,001,ITEMS,1,1.27,1.5,1.27,0.23,1.5,,,,,,,NIU
,30-11-2019,,,,BT01,004129,,,,,001,ITEMS,1,0.85,1,0.85,0.15,1,,,,,,,NIU
,30-11-2019,,,,BT01,004130,,,,,001,ITEMS,1,0.85,1,0.85,0.15,1,,,,,,,NIU
,30-11-2019,,,,BT01,004131,,,,,001,ITEMS,1,5.08,6,5.08,0.92,6,,,,,,,NIU
,30-11-2019,,,,BT01,004132,,,,,001,ITEMS,1,3.31,3.9,3.31,0.59,3.9,,,,,,,NIU
,30-11-2019,,,,BT01,004133,,,,,001,ITEMS,1,2.29,2.7,2.29,0.41,2.7,,,,,,,NIU
,30-11-2019,,,,BT01,004134,,,,,001,ITEMS,1,12.71,15,12.71,2.29,15,,,,,,,NIU
,30-11-2019,,,,BT01,004135,,,,,001,ITEMS,1,7.46,8.8,7.46,1.34,8.8,,,,,,,NIU
,30-11-2019,,,,BT01,004136,,,,,001,ITEMS,1,1.86,2.2,1.86,0.34,2.2,,,,,,,NIU
,30-11-2019,,,,BT01,004137,,,,,001,ITEMS,1,9.24,10.9,9.24,1.66,10.9,,,,,,,NIU
,30-11-2019,,,,BT01,004138,,,,,001,ITEMS,1,15.25,18,15.25,2.75,18,,,,,,,NIU
,30-11-2019,,,,BT01,004139,,,,,001,ITEMS,1,11.86,14,11.86,2.14,14,,,,,,,NIU
,30-11-2019,,,,BT01,004140,,,,,001,ITEMS,1,4.07,4.8,4.07,0.73,4.8,,,,,,,NIU
,30-11-2019,,,,BT01,004141,,,,,001,ITEMS,1,1.69,2,1.69,0.31,2,,,,,,,NIU
,30-11-2019,,,,BT01,004142,,,,,001,ITEMS,1,3.56,4.2,3.56,0.64,4.2,,,,,,,NIU
,30-11-2019,,,,BT01,004143,,,,,001,ITEMS,1,1.69,2,1.69,0.31,2,,,,,,,NIU
,30-11-2019,,,,BT01,004144,,,,,001,ITEMS,1,1.69,2,1.69,0.31,2,,,,,,,NIU
,30-11-2019,,,,BT01,004145,,,,,001,ITEMS,1,21.44,25.3,21.44,3.86,25.3,,,,,,,NIU
,30-11-2019,,,,BT01,004146,,,,,001,ITEMS,1,9.24,10.9,9.24,1.66,10.9,,,,,,,NIU
,30-11-2019,,,,BT01,004147,,,,,001,ITEMS,1,10.93,12.9,10.93,1.97,12.9,,,,,,,NIU
,30-11-2019,,,,BT01,004148,,,,,001,ITEMS,1,2.97,3.5,2.97,0.53,3.5,,,,,,,NIU
,30-11-2019,,,,BT01,004149,,,,,001,ITEMS,1,3.39,4,3.39,0.61,4,,,,,,,NIU
,30-11-2019,,,,BT01,004150,,,,,001,ITEMS,1,10.93,12.9,10.93,1.97,12.9,,,,,,,NIU
,30-11-2019,,,,BT01,004151,,,,,001,ITEMS,1,0.59,0.7,0.59,0.11,0.7,,,,,,,NIU
,30-11-2019,,,,BT01,004152,,,,,001,ITEMS,1,1.69,2,1.69,0.31,2,,,,,,,NIU
,30-11-2019,,,,BT01,004153,,,,,001,ITEMS,1,7.71,9.1,7.71,1.39,9.1,,,,,,,NIU
,30-11-2019,,,,BT01,004154,,,,,001,ITEMS,1,0.93,1.1,0.93,0.17,1.1,,,,,,,NIU
,30-11-2019,,,,BT01,004155,,,,,001,ITEMS,1,12.20,14.4,12.20,2.20,14.4,,,,,,,NIU
,30-11-2019,,,,BT01,004156,,,,,001,ITEMS,1,17.63,20.8,17.63,3.17,20.8,,,,,,,NIU
,30-11-2019,,,,BT01,004157,,,,,001,ITEMS,1,12.03,14.2,12.03,2.17,14.2,,,,,,,NIU
,30-11-2019,,,,BT01,004158,,,,,001,ITEMS,1,2.54,3,2.54,0.46,3,,,,,,,NIU
,30-11-2019,,,,BT01,004159,,,,,001,ITEMS,1,0.68,0.8,0.68,0.12,0.8,,,,,,,NIU
,30-11-2019,,,,BT01,004160,,,,,001,ITEMS,1,0.85,1,0.85,0.15,1,,,,,,,NIU
,30-11-2019,,,,BT01,004161,,,,,001,ITEMS,1,10.59,12.5,10.59,1.91,12.5,,,,,,,NIU
,30-11-2019,,,,BT01,004162,,,,,001,ITEMS,1,2.71,3.2,2.71,0.49,3.2,,,,,,,NIU
,30-11-2019,,,,BT01,004163,,,,,001,ITEMS,1,2.54,3,2.54,0.46,3,,,,,,,NIU
,30-11-2019,,,,BT01,004164,,,,,001,ITEMS,1,11.02,13,11.02,1.98,13,,,,,,,NIU
,30-11-2019,,,,BT01,004165,,,,,001,ITEMS,1,3.73,4.4,3.73,0.67,4.4,,,,,,,NIU
,30-11-2019,,,,BT01,004166,,,,,001,ITEMS,1,2.12,2.5,2.12,0.38,2.5,,,,,,,NIU
,30-11-2019,,,,BT01,004167,,,,,001,ITEMS,1,3.31,3.9,3.31,0.59,3.9,,,,,,,NIU
,30-11-2019,,,,BT01,004168,,,,,001,ITEMS,1,2.12,2.5,2.12,0.38,2.5,,,,,,,NIU
,30-11-2019,,,,BT01,004169,,,,,001,ITEMS,1,0.85,1,0.85,0.15,1,,,,,,,NIU
,30-11-2019,,,,BT01,004170,,,,,001,ITEMS,1,3.39,4,3.39,0.61,4,,,,,,,NIU
,30-11-2019,,,,BT01,004171,,,,,001,ITEMS,1,1.10,1.3,1.10,0.20,1.3,,,,,,,NIU
,30-11-2019,,,,BT01,004172,,,,,001,ITEMS,1,3.56,4.2,3.56,0.64,4.2,,,,,,,NIU
,30-11-2019,,,,BT01,004173,,,,,001,ITEMS,1,4.66,5.5,4.66,0.84,5.5,,,,,,,NIU
,30-11-2019,,,,BT01,004174,,,,,001,ITEMS,1,4.24,5,4.24,0.76,5,,,,,,,NIU
,30-11-2019,,,,BT01,004175,,,,,001,ITEMS,1,1.44,1.7,1.44,0.26,1.7,,,,,,,NIU
,30-11-2019,,,,BT01,004176,,,,,001,ITEMS,1,21.53,25.4,21.53,3.87,25.4,,,,,,,NIU
,30-11-2019,,,,BT01,004177,,,,,001,ITEMS,1,0.08,0.1,0.08,0.02,0.1,,,,,,,NIU
,30-11-2019,,,,BT01,004178,,,,,001,ITEMS,1,10.93,12.9,10.93,1.97,12.9,,,,,,,NIU
,30-11-2019,,,,BT01,004179,,,,,001,ITEMS,1,2.88,3.4,2.88,0.52,3.4,,,,,,,NIU
,30-11-2019,,,,BT01,004180,,,,,001,ITEMS,1,2.12,2.5,2.12,0.38,2.5,,,,,,,NIU
,30-11-2019,,,,BT01,004181,,,,,001,ITEMS,1,-0.85,-1,-0.85,-0.15,-1,,,,,,,NIU
,30-11-2019,,,,BT01,004182,,,,,001,ITEMS,1,4.92,5.8,4.92,0.88,5.8,,,,,,,NIU
,30-11-2019,,,,BT01,004183,,,,,001,ITEMS,1,7.46,8.8,7.46,1.34,8.8,,,,,,,NIU
,30-11-2019,,,,BT01,004184,,,,,001,ITEMS,1,13.98,16.5,13.98,2.52,16.5,,,,,,,NIU
,30-11-2019,,,,BT01,004185,,,,,001,ITEMS,1,2.12,2.5,2.12,0.38,2.5,,,,,,,NIU
,30-11-2019,,,,BT01,004186,,,,,001,ITEMS,1,5.51,6.5,5.51,0.99,6.5,,,,,,,NIU
,30-11-2019,,,,BT01,004187,,,,,001,ITEMS,1,26.19,30.9,26.19,4.71,30.9,,,,,,,NIU
,30-11-2019,,,,BT01,004188,,,,,001,ITEMS,1,3.81,4.5,3.81,0.69,4.5,,,,,,,NIU
,30-11-2019,,,,BT01,004189,,,,,001,ITEMS,1,5.08,6,5.08,0.92,6,,,,,,,NIU
,30-11-2019,,,,BT01,004190,,,,,001,ITEMS,1,5.08,6,5.08,0.92,6,,,,,,,NIU
,30-11-2019,,,,BT01,004191,,,,,001,ITEMS,1,8.64,10.2,8.64,1.56,10.2,,,,,,,NIU
,30-11-2019,,,,BT01,004192,,,,,001,ITEMS,1,9.24,10.9,9.24,1.66,10.9,,,,,,,NIU
,30-11-2019,,,,BT01,004193,,,,,001,ITEMS,1,1.69,2,1.69,0.31,2,,,,,,,NIU
,30-11-2019,,,,BT01,004194,,,,,001,ITEMS,1,4.66,5.5,4.66,0.84,5.5,,,,,,,NIU
,30-11-2019,,,,BT01,004195,,,,,001,ITEMS,1,5.08,6,5.08,0.92,6,,,,,,,NIU
,30-11-2019,,,,BT01,004196,,,,,001,ITEMS,1,9.41,11.1,9.41,1.69,11.1,,,,,,,NIU
,30-11-2019,,,,BT01,004197,,,,,001,ITEMS,1,5.85,6.9,5.85,1.05,6.9,,,,,,,NIU
,30-11-2019,,,,BT01,004198,,,,,001,ITEMS,1,7.20,8.5,7.20,1.30,8.5,,,,,,,NIU
,30-11-2019,,,,BT01,004199,,,,,001,ITEMS,1,0.85,1,0.85,0.15,1,,,,,,,NIU
,30-11-2019,,,,BT01,004200,,,,,001,ITEMS,1,1.44,1.7,1.44,0.26,1.7,,,,,,,NIU
,30-11-2019,,,,BT01,004201,,,,,001,ITEMS,1,7.37,8.7,7.37,1.33,8.7,,,,,,,NIU
,30-11-2019,,,,BT01,004202,,,,,001,ITEMS,1,-5.51,-6.5,-5.51,-0.99,-6.5,,,,,,,NIU
,30-11-2019,,,,BT01,004203,,,,,001,ITEMS,1,1.69,2,1.69,0.31,2,,,,,,,NIU
,30-11-2019,,,,BT01,004204,,,,,001,ITEMS,1,10.93,12.9,10.93,1.97,12.9,,,,,,,NIU
,30-11-2019,,,,BT01,004205,,,,,001,ITEMS,1,19.92,23.5,19.92,3.58,23.5,,,,,,,NIU
,30-11-2019,,,,BT01,004206,,,,,001,ITEMS,1,2.12,2.5,2.12,0.38,2.5,,,,,,,NIU
,30-11-2019,,,,BT01,004207,,,,,001,ITEMS,1,3.39,4,3.39,0.61,4,,,,,,,NIU
,30-11-2019,,,,BT01,004208,,,,,001,ITEMS,1,43.73,51.6,43.73,7.87,51.6,,,,,,,NIU
,30-11-2019,,,,BT01,004209,,,,,001,ITEMS,1,1.69,2,1.69,0.31,2,,,,,,,NIU
,30-11-2019,,,,BT01,004210,,,,,001,ITEMS,1,2.71,3.2,2.71,0.49,3.2,,,,,,,NIU
,30-11-2019,,,,BT01,004211,,,,,001,ITEMS,1,9.07,10.7,9.07,1.63,10.7,,,,,,,NIU
,30-11-2019,,,,BT01,004212,,,,,001,ITEMS,1,2.54,3,2.54,0.46,3,,,,,,,NIU
,30-11-2019,,,,BT01,004213,,,,,001,ITEMS,1,0.85,1,0.85,0.15,1,,,,,,,NIU
,30-11-2019,,,,BT01,004214,,,,,001,ITEMS,1,3.39,4,3.39,0.61,4,,,,,,,NIU
,30-11-2019,,,,BT01,004215,,,,,001,ITEMS,1,2.29,2.7,2.29,0.41,2.7,,,,,,,NIU
,30-11-2019,,,,BT01,004216,,,,,001,ITEMS,1,4.41,5.2,4.41,0.79,5.2,,,,,,,NIU
,30-11-2019,,,,BT01,004217,,,,,001,ITEMS,1,0.59,0.7,0.59,0.11,0.7,,,,,,,NIU
,30-11-2019,,,,BT01,004218,,,,,001,ITEMS,1,1.69,2,1.69,0.31,2,,,,,,,NIU
,30-11-2019,,,,BT01,004219,,,,,001,ITEMS,1,1.53,1.8,1.53,0.27,1.8,,,,,,,NIU
,30-11-2019,,,,BT01,004220,,,,,001,ITEMS,1,0.51,0.6,0.51,0.09,0.6,,,,,,,NIU
,30-11-2019,,,,BT01,004221,,,,,001,ITEMS,1,1.69,2,1.69,0.31,2,,,,,,,NIU
,30-11-2019,,,,BT01,004222,,,,,001,ITEMS,1,1.19,1.4,1.19,0.21,1.4,,,,,,,NIU
,30-11-2019,,,,BT01,004223,,,,,001,ITEMS,1,0.85,1,0.85,0.15,1,,,,,,,NIU
,30-11-2019,,,,BT01,004224,,,,,001,ITEMS,1,0.85,1,0.85,0.15,1,,,,,,,NIU
,30-11-2019,,,,BT01,004225,,,,,001,ITEMS,1,14.15,16.7,14.15,2.55,16.7,,,,,,,NIU
,30-11-2019,,,,BT01,004226,,,,,001,ITEMS,1,5.08,6,5.08,0.92,6,,,,,,,NIU
,30-11-2019,,,,BT01,004227,,,,,001,ITEMS,1,0.93,1.1,0.93,0.17,1.1,,,,,,,NIU
,30-11-2019,,,,BT01,004228,,,,,001,ITEMS,1,1.10,1.3,1.10,0.20,1.3,,,,,,,NIU
,30-11-2019,,,,BT01,004229,,,,,001,ITEMS,1,4.66,5.5,4.66,0.84,5.5,,,,,,,NIU
,30-11-2019,,,,BT01,004230,,,,,001,ITEMS,1,3.81,4.5,3.81,0.69,4.5,,,,,,,NIU
,30-11-2019,,,,BT01,004231,,,,,001,ITEMS,1,0.59,0.7,0.59,0.11,0.7,,,,,,,NIU
,30-11-2019,,,,BT01,004232,,,,,001,ITEMS,1,0.85,1,0.85,0.15,1,,,,,,,NIU
,30-11-2019,,,,BT01,004233,,,,,001,ITEMS,1,9.75,11.5,9.75,1.75,11.5,,,,,,,NIU
,30-11-2019,,,,BT01,004234,,,,,001,ITEMS,1,6.36,7.5,6.36,1.14,7.5,,,,,,,NIU
,30-11-2019,,,,BT01,004235,,,,,001,ITEMS,1,1.86,2.2,1.86,0.34,2.2,,,,,,,NIU
,30-11-2019,,,,BT01,004236,,,,,001,ITEMS,1,5.51,6.5,5.51,0.99,6.5,,,,,,,NIU
,30-11-2019,,,,BT01,004237,,,,,001,ITEMS,1,1.69,2,1.69,0.31,2,,,,,,,NIU
,30-11-2019,,,,BT01,004238,,,,,001,ITEMS,1,0.08,0.1,0.08,0.02,0.1,,,,,,,NIU
,30-11-2019,,,,BT01,004239,,,,,001,ITEMS,1,1.02,1.2,1.02,0.18,1.2,,,,,,,NIU
,30-11-2019,,,,BT01,004240,,,,,001,ITEMS,1,2.12,2.5,2.12,0.38,2.5,,,,,,,NIU
,30-11-2019,,,,BT01,004241,,,,,001,ITEMS,1,6.86,8.1,6.86,1.24,8.1,,,,,,,NIU
,30-11-2019,,,,BT01,004242,,,,,001,ITEMS,1,0.85,1,0.85,0.15,1,,,,,,,NIU
,30-11-2019,,,,BT01,004243,,,,,001,ITEMS,1,1.53,1.8,1.53,0.27,1.8,,,,,,,NIU
,30-11-2019,,,,BT01,004244,,,,,001,ITEMS,1,9.32,11,9.32,1.68,11,,,,,,,NIU
,30-11-2019,,,,BT01,004245,,,,,001,ITEMS,1,1.86,2.2,1.86,0.34,2.2,,,,,,,NIU
,30-11-2019,,,,BT01,004246,,,,,001,ITEMS,1,3.81,4.5,3.81,0.69,4.5,,,,,,,NIU
,30-11-2019,,,,BT01,004247,,,,,001,ITEMS,1,4.58,5.4,4.58,0.82,5.4,,,,,,,NIU
,30-11-2019,,,,BT01,004248,,,,,001,ITEMS,1,2.20,2.6,2.20,0.40,2.6,,,,,,,NIU
,30-11-2019,,,,BT01,004249,,,,,001,ITEMS,1,2.71,3.2,2.71,0.49,3.2,,,,,,,NIU
,30-11-2019,,,,BT01,004250,,,,,001,ITEMS,1,0.08,0.1,0.08,0.02,0.1,,,,,,,NIU
,30-11-2019,,,,BT01,004251,,,,,001,ITEMS,1,1.27,1.5,1.27,0.23,1.5,,,,,,,NIU
,30-11-2019,,,,BT01,004252,,,,,001,ITEMS,1,0.85,1,0.85,0.15,1,,,,,,,NIU
,30-11-2019,,,,BT01,004253,,,,,001,ITEMS,1,10.93,12.9,10.93,1.97,12.9,,,,,,,NIU
,30-11-2019,,,,BT01,004254,,,,,001,ITEMS,1,1.69,2,1.69,0.31,2,,,,,,,NIU
,30-11-2019,,,,BT01,004255,,,,,001,ITEMS,1,4.58,5.4,4.58,0.82,5.4,,,,,,,NIU
,30-11-2019,,,,BT01,004256,,,,,001,ITEMS,1,4.24,5,4.24,0.76,5,,,,,,,NIU
,30-11-2019,,,,BT01,004257,,,,,001,ITEMS,1,11.78,13.9,11.78,2.12,13.9,,,,,,,NIU
,30-11-2019,,,,BT01,004258,,,,,001,ITEMS,1,1.02,1.2,1.02,0.18,1.2,,,,,,,NIU
,30-11-2019,,,,BT01,004259,,,,,001,ITEMS,1,35.59,42,35.59,6.41,42,,,,,,,NIU
,30-11-2019,,,,BT01,004260,,,,,001,ITEMS,1,10.93,12.9,10.93,1.97,12.9,,,,,,,NIU
,30-11-2019,,,,BT01,004261,,,,,001,ITEMS,1,1.44,1.7,1.44,0.26,1.7,,,,,,,NIU
,30-11-2019,,,,BT01,004262,,,,,001,ITEMS,1,3.56,4.2,3.56,0.64,4.2,,,,,,,NIU
,30-11-2019,,,,BT01,004263,,,,,001,ITEMS,1,19.58,23.1,19.58,3.52,23.1,,,,,,,NIU
,30-11-2019,,,,BT01,004264,,,,,001,ITEMS,1,0.25,0.3,0.25,0.05,0.3,,,,,,,NIU
,30-11-2019,,,,BT01,004265,,,,,001,ITEMS,1,1.27,1.5,1.27,0.23,1.5,,,,,,,NIU
,30-11-2019,,,,BT01,004266,,,,,001,ITEMS,1,2.12,2.5,2.12,0.38,2.5,,,,,,,NIU
,30-11-2019,,,,BT01,004267,,,,,001,ITEMS,1,4.92,5.8,4.92,0.88,5.8,,,,,,,NIU
,30-11-2019,,,,BT01,004268,,,,,001,ITEMS,1,0.85,1,0.85,0.15,1,,,,,,,NIU
,30-11-2019,,,,BT01,004269,,,,,001,ITEMS,1,3.39,4,3.39,0.61,4,,,,,,,NIU
,30-11-2019,,,,BT01,004270,,,,,001,ITEMS,1,2.97,3.5,2.97,0.53,3.5,,,,,,,NIU
,30-11-2019,,,,BT01,004271,,,,,001,ITEMS,1,4.58,5.4,4.58,0.82,5.4,,,,,,,NIU
,30-11-2019,,,,BT01,004272,,,,,001,ITEMS,1,0.68,0.8,0.68,0.12,0.8,,,,,,,NIU
,30-11-2019,,,,BT01,004273,,,,,001,ITEMS,1,6.53,7.7,6.53,1.17,7.7,,,,,,,NIU
,30-11-2019,,,,BT01,004274,,,,,001,ITEMS,1,7.63,9,7.63,1.37,9,,,,,,,NIU
,30-11-2019,,,,BT01,004275,,,,,001,ITEMS,1,0.59,0.7,0.59,0.11,0.7,,,,,,,NIU
,30-11-2019,,,,BT01,004276,,,,,001,ITEMS,1,0.85,1,0.85,0.15,1,,,,,,,NIU
,30-11-2019,,,,BT01,004277,,,,,001,ITEMS,1,2.03,2.4,2.03,0.37,2.4,,,,,,,NIU
,30-11-2019,,,,BT01,004278,,,,,001,ITEMS,1,1.02,1.2,1.02,0.18,1.2,,,,,,,NIU
,30-11-2019,,,,BT01,004279,,,,,001,ITEMS,1,9.75,11.5,9.75,1.75,11.5,,,,,,,NIU
,30-11-2019,,,,BT01,004280,,,,,001,ITEMS,1,1.69,2,1.69,0.31,2,,,,,,,NIU
,30-11-2019,,,,BT01,004281,,,,,001,ITEMS,1,2.12,2.5,2.12,0.38,2.5,,,,,,,NIU
,30-11-2019,,,,BT01,004282,,,,,001,ITEMS,1,0.42,0.5,0.42,0.08,0.5,,,,,,,NIU
,30-11-2019,,,,BT01,004283,,,,,001,ITEMS,1,1.02,1.2,1.02,0.18,1.2,,,,,,,NIU
,30-11-2019,,,,BT01,004284,,,,,001,ITEMS,1,0.85,1,0.85,0.15,1,,,,,,,NIU
,30-11-2019,,,,BT01,004285,,,,,001,ITEMS,1,55.93,66,55.93,10.07,66,,,,,,,NIU
,30-11-2019,,,,BT01,004286,,,,,001,ITEMS,1,3.39,4,3.39,0.61,4,,,,,,,NIU
,30-11-2019,,,,BT01,004287,,,,,001,ITEMS,1,1.44,1.7,1.44,0.26,1.7,,,,,,,NIU
,30-11-2019,,,,BT01,004288,,,,,001,ITEMS,1,2.97,3.5,2.97,0.53,3.5,,,,,,,NIU
,30-11-2019,,,,BT01,004289,,,,,001,ITEMS,1,2.97,3.5,2.97,0.53,3.5,,,,,,,NIU
,30-11-2019,,,,BT01,004290,,,,,001,ITEMS,1,33.22,39.2,33.22,5.98,39.2,,,,,,,NIU
,30-11-2019,,,,BT01,004291,,,,,001,ITEMS,1,2.12,2.5,2.12,0.38,2.5,,,,,,,NIU
,30-11-2019,,,,BT01,004292,,,,,001,ITEMS,1,1.02,1.2,1.02,0.18,1.2,,,,,,,NIU
,30-11-2019,,,,BT01,004293,,,,,001,ITEMS,1,2.54,3,2.54,0.46,3,,,,,,,NIU
,30-11-2019,,,,BT01,004294,,,,,001,ITEMS,1,2.54,3,2.54,0.46,3,,,,,,,NIU
,30-11-2019,,,,BT01,004295,,,,,001,ITEMS,1,1.69,2,1.69,0.31,2,,,,,,,NIU
,30-11-2019,,,,BT01,004296,,,,,001,ITEMS,1,0.85,1,0.85,0.15,1,,,,,,,NIU
,30-11-2019,,,,BT01,004297,,,,,001,ITEMS,1,0.25,0.3,0.25,0.05,0.3,,,,,,,NIU
,30-11-2019,,,,BT01,004298,,,,,001,ITEMS,1,1.10,1.3,1.10,0.20,1.3,,,,,,,NIU
,30-11-2019,,,,BT01,004299,,,,,001,ITEMS,1,1.02,1.2,1.02,0.18,1.2,,,,,,,NIU
,30-11-2019,,,,BT01,004300,,,,,001,ITEMS,1,0.51,0.6,0.51,0.09,0.6,,,,,,,NIU
,30-11-2019,,,,BT01,004301,,,,,001,ITEMS,1,0.85,1,0.85,0.15,1,,,,,,,NIU
,30-11-2019,,,,BT01,004302,,,,,001,ITEMS,1,8.90,10.5,8.90,1.60,10.5,,,,,,,NIU
,30-11-2019,,,,BT01,004303,,,,,001,ITEMS,1,3.90,4.6,3.90,0.70,4.6,,,,,,,NIU
,30-11-2019,,,,BT01,004304,,,,,001,ITEMS,1,1.44,1.7,1.44,0.26,1.7,,,,,,,NIU
,30-11-2019,,,,BT01,004305,,,,,001,ITEMS,1,1.44,1.7,1.44,0.26,1.7,,,,,,,NIU
,30-11-2019,,,,BT01,004306,,,,,001,ITEMS,1,3.39,4,3.39,0.61,4,,,,,,,NIU
,30-11-2019,,,,BT01,004307,,,,,001,ITEMS,1,2.12,2.5,2.12,0.38,2.5,,,,,,,NIU
,30-11-2019,,,,BT01,004308,,,,,001,ITEMS,1,4.41,5.2,4.41,0.79,5.2,,,,,,,NIU
,30-11-2019,,,,BT01,004309,,,,,001,ITEMS,1,1.44,1.7,1.44,0.26,1.7,,,,,,,NIU
,30-11-2019,,,,BT01,004310,,,,,001,ITEMS,1,5.93,7,5.93,1.07,7,,,,,,,NIU
,30-11-2019,,,,BT01,004311,,,,,001,ITEMS,1,6.78,8,6.78,1.22,8,,,,,,,NIU
,30-11-2019,,,,BT01,004312,,,,,001,ITEMS,1,4.58,5.4,4.58,0.82,5.4,,,,,,,NIU
,30-11-2019,,,,BT01,004313,,,,,001,ITEMS,1,2.29,2.7,2.29,0.41,2.7,,,,,,,NIU
,30-11-2019,,,,BT01,004314,,,,,001,ITEMS,1,5.08,6,5.08,0.92,6,,,,,,,NIU
,30-11-2019,,,,BT01,004315,,,,,001,ITEMS,1,10.93,12.9,10.93,1.97,12.9,,,,,,,NIU
,30-11-2019,,,,BT01,004316,,,,,001,ITEMS,1,1.69,2,1.69,0.31,2,,,,,,,NIU
,30-11-2019,,,,BT01,004317,,,,,001,ITEMS,1,0.85,1,0.85,0.15,1,,,,,,,NIU
,30-11-2019,,,,BT01,004318,,,,,001,ITEMS,1,1.69,2,1.69,0.31,2,,,,,,,NIU
,30-11-2019,,,,BT01,004319,,,,,001,ITEMS,1,5.42,6.4,5.42,0.98,6.4,,,,,,,NIU
,30-11-2019,,,,BT01,004320,,,,,001,ITEMS,1,2.29,2.7,2.29,0.41,2.7,,,,,,,NIU
,30-11-2019,,,,BT01,004321,,,,,001,ITEMS,1,1.69,2,1.69,0.31,2,,,,,,,NIU
,30-11-2019,,,,BT01,004322,,,,,001,ITEMS,1,5.59,6.6,5.59,1.01,6.6,,,,,,,NIU
,30-11-2019,,,,BT01,004323,,,,,001,ITEMS,1,2.97,3.5,2.97,0.53,3.5,,,,,,,NIU
,30-11-2019,,,,BT01,004324,,,,,001,ITEMS,1,0.08,0.1,0.08,0.02,0.1,,,,,,,NIU
,30-11-2019,,,,BT01,004325,,,,,001,ITEMS,1,15.08,17.8,15.08,2.72,17.8,,,,,,,NIU
,30-11-2019,,,,BT01,004326,,,,,001,ITEMS,1,4.41,5.2,4.41,0.79,5.2,,,,,,,NIU
,30-11-2019,,,,BT01,004327,,,,,001,ITEMS,1,3.81,4.5,3.81,0.69,4.5,,,,,,,NIU
,30-11-2019,,,,BT01,004328,,,,,001,ITEMS,1,0.34,0.4,0.34,0.06,0.4,,,,,,,NIU
,30-11-2019,,,,BT01,004329,,,,,001,ITEMS,1,1.69,2,1.69,0.31,2,,,,,,,NIU
,30-11-2019,,,,BT01,004330,,,,,001,ITEMS,1,4.66,5.5,4.66,0.84,5.5,,,,,,,NIU
,30-11-2019,,,,BT01,004331,,,,,001,ITEMS,1,1.86,2.2,1.86,0.34,2.2,,,,,,,NIU
,30-11-2019,,,,BT01,004332,,,,,001,ITEMS,1,5.93,7,5.93,1.07,7,,,,,,,NIU
,30-11-2019,,,,BT01,004333,,,,,001,ITEMS,1,1.61,1.9,1.61,0.29,1.9,,,,,,,NIU
,30-11-2019,,,,BT01,004334,,,,,001,ITEMS,1,2.29,2.7,2.29,0.41,2.7,,,,,,,NIU
,30-11-2019,,,,BT01,004335,,,,,001,ITEMS,1,9.24,10.9,9.24,1.66,10.9,,,,,,,NIU
,30-11-2019,,,,BT01,004336,,,,,001,ITEMS,1,0.85,1,0.85,0.15,1,,,,,,,NIU
,30-11-2019,,,,BT01,004337,,,,,001,ITEMS,1,3.98,4.7,3.98,0.72,4.7,,,,,,,NIU
,30-11-2019,,,,BT01,004338,,,,,001,ITEMS,1,30.00,35.4,30.00,5.40,35.4,,,,,,,NIU
,30-11-2019,,,,BT01,004339,,,,,001,ITEMS,1,2.97,3.5,2.97,0.53,3.5,,,,,,,NIU
,30-11-2019,,,,BT01,004340,,,,,001,ITEMS,1,0.85,1,0.85,0.15,1,,,,,,,NIU
,30-11-2019,,,,BT01,004341,,,,,001,ITEMS,1,1.69,2,1.69,0.31,2,,,,,,,NIU
,30-11-2019,,,,BT01,004342,,,,,001,ITEMS,1,0.59,0.7,0.59,0.11,0.7,,,,,,,NIU
,30-11-2019,,,,BT01,004343,,,,,001,ITEMS,1,1.44,1.7,1.44,0.26,1.7,,,,,,,NIU
,30-11-2019,,,,BT01,004344,,,,,001,ITEMS,1,7.20,8.5,7.20,1.30,8.5,,,,,,,NIU
,30-11-2019,,,,BT01,004345,,,,,001,ITEMS,1,4.32,5.1,4.32,0.78,5.1,,,,,,,NIU
,30-11-2019,,,,BT01,004346,,,,,001,ITEMS,1,10.93,12.9,10.93,1.97,12.9,,,,,,,NIU
,30-11-2019,,,,BT01,004347,,,,,001,ITEMS,1,0.08,0.1,0.08,0.02,0.1,,,,,,,NIU
,30-11-2019,,,,BT01,004348,,,,,001,ITEMS,1,1.36,1.6,1.36,0.24,1.6,,,,,,,NIU
,30-11-2019,,,,BT01,004349,,,,,001,ITEMS,1,16.53,19.5,16.53,2.97,19.5,,,,,,,NIU
,30-11-2019,,,,BT01,004350,,,,,001,ITEMS,1,2.80,3.3,2.80,0.50,3.3,,,,,,,NIU
,30-11-2019,,,,BT01,004351,,,,,001,ITEMS,1,1.36,1.6,1.36,0.24,1.6,,,,,,,NIU
,30-11-2019,,,,BT01,004352,,,,,001,ITEMS,1,1.36,1.6,1.36,0.24,1.6,,,,,,,NIU
,30-11-2019,,,,BT01,004353,,,,,001,ITEMS,1,1.69,2,1.69,0.31,2,,,,,,,NIU
,30-11-2019,,,,BT01,004354,,,,,001,ITEMS,1,0.85,1,0.85,0.15,1,,,,,,,NIU
,30-11-2019,,,,BT01,004355,,,,,001,ITEMS,1,0.85,1,0.85,0.15,1,,,,,,,NIU
,30-11-2019,,,,BT01,004356,,,,,001,ITEMS,1,8.90,10.5,8.90,1.60,10.5,,,,,,,NIU
,30-11-2019,,,,BT01,004357,,,,,001,ITEMS,1,2.71,3.2,2.71,0.49,3.2,,,,,,,NIU
,30-11-2019,,,,BT01,004358,,,,,001,ITEMS,1,2.29,2.7,2.29,0.41,2.7,,,,,,,NIU
,30-11-2019,,,,BT01,004359,,,,,001,ITEMS,1,0.85,1,0.85,0.15,1,,,,,,,NIU
,30-11-2019,,,,BT01,004360,,,,,001,ITEMS,1,0.34,0.4,0.34,0.06,0.4,,,,,,,NIU
